American_Beauty_1999,3428
Star_Wars_Episode_IV_-_A_New_Hope_1977,2991
Star_Wars_Episode_V_-_The_Empire_Strikes_Back_1980,2990
Star_Wars_Episode_VI_-_Return_of_the_Jedi_1983,2883
Jurassic_Park_1993,2672
Saving_Private_Ryan_1998,2653
Terminator_2_Judgment_Day_1991,2649
Matrix_The_1999,2590
Back_to_the_Future_1985,2583
Silence_of_the_Lambs_The_1991,2578
Men_in_Black_1997,2538
Raiders_of_the_Lost_Ark_1981,2514
Fargo_1996,2513
Sixth_Sense_The_1999,2459
Braveheart_1995,2443
Shakespeare_in_Love_1998,2369
Princess_Bride_The_1987,2318
Schindlers_List_1993,2304
LA_Confidential_1997,2288
Groundhog_Day_1993,2278
ET_the_Extra-Terrestrial_1982,2269
Star_Wars_Episode_I_-_The_Phantom_Menace_1999,2250
Being_John_Malkovich_1999,2241
Shawshank_Redemption_The_1994,2227
Godfather_The_1972,2223
Forrest_Gump_1994,2194
Ghostbusters_1984,2181
Pulp_Fiction_1994,2171
Terminator_The_1984,2098
Toy_Story_1995,2077
Alien_1979,2024
Total_Recall_1990,1996
Fugitive_The_1993,1995
Gladiator_2000,1924
Aliens_1986,1820
Blade_Runner_1982,1800
Who_Framed_Roger_Rabbit?_1988,1799
Stand_by_Me_1986,1785
Usual_Suspects_The_1995,1783
Babe_1995,1751
Airplane!_1980,1731
Independence_Day_ID4_1996,1730
Galaxy_Quest_1999,1728
One_Flew_Over_the_Cuckoos_Nest_1975,1725
Wizard_of_Oz_The_1939,1718
2001_A_Space_Odyssey_1968,1716
Abyss_The_1989,1715
Bugs_Life_A_1998,1703
Jaws_1975,1697
Godfather_Part_II_The_1974,1692
Casablanca_1942,1669
Die_Hard_1988,1666
GoodFellas_1990,1657
Hunt_for_Red_October_The_1990,1652
Speed_1994,1650
Indiana_Jones_and_the_Last_Crusade_1989,1628
Lethal_Weapon_1987,1627
Monty_Python_and_the_Holy_Grail_1974,1599
Toy_Story_2_1999,1585
When_Harry_Met_Sally_1989,1568
Good_Will_Hunting_1997,1548
Titanic_1997,1546
Breakfast_Club_The_1985,1539
Mission_Impossible_1996,1527
Election_1999,1522
Twelve_Monkeys_1995,1511
X-Men_2000,1511
Beetlejuice_1988,1495
Big_1988,1491
Edward_Scissorhands_1990,1473
Ferris_Buellers_Day_Off_1986,1473
Fight_Club_1999,1451
Dances_with_Wolves_1990,1451
Close_Encounters_of_the_Third_Kind_1977,1451
Star_Trek_The_Wrath_of_Khan_1982,1448
Raising_Arizona_1987,1434
Austin_Powers_The_Spy_Who_Shagged_Me_1999,1434
Batman_1989,1431
As_Good_As_It_Gets_1997,1424
FaceOff_1997,1421
Butch_Cassidy_and_the_Sundance_Kid_1969,1419
Thelma_&_Louise_1991,1417
Clerks_1994,1412
True_Lies_1994,1400
American_Pie_1999,1389
Amadeus_1984,1382
Contact_1997,1382
Fifth_Element_The_1997,1377
High_Fidelity_2000,1373
Theres_Something_About_Mary_1998,1371
Dr_Strangelove_or_How_I_Learned_to_Stop_Worrying_and_Love_the_Bomb_1963,1367
Arachnophobia_1990,1367
Clueless_1995,1362
Get_Shorty_1995,1356
Jerry_Maguire_1996,1353
Christmas_Story_A_1983,1352
Aladdin_1992,1351
Romancing_the_Stone_1984,1345
Blues_Brothers_The_1980,1341
Rock_The_1996,1340
Annie_Hall_1977,1334
Talented_Mr_Ripley_The_1999,1331
Rain_Man_1988,1330
Chicken_Run_2000,1329
Fish_Called_Wanda_A_1988,1326
Erin_Brockovich_2000,1315
North_by_Northwest_1959,1315
Mission_Impossible_2_2000,1313
Willy_Wonka_and_the_Chocolate_Factory_1971,1313
Star_Trek_First_Contact_1996,1310
Predator_1987,1297
South_Park_Bigger_Longer_and_Uncut_1999,1269
Psycho_1960,1263
Graduate_The_1967,1261
Reservoir_Dogs_1992,1259
Lost_World_Jurassic_Park_The_1997,1255
Full_Metal_Jacket_1987,1254
Apollo_13_1995,1251
Patriot_The_2000,1240
Taxi_Driver_1976,1240
Blair_Witch_Project_The_1999,1237
Four_Weddings_and_a_Funeral_1994,1233
Rocky_Horror_Picture_Show_The_1975,1233
Robocop_1987,1229
Clockwork_Orange_A_1971,1229
Crying_Game_The_1992,1229
Green_Mile_The_1999,1222
Superman_1978,1222
Rushmore_1998,1220
Animal_House_1978,1207
Austin_Powers_International_Man_of_Mystery_1997,1205
Full_Monty_The_1997,1199
Young_Frankenstein_1974,1193
Chinatown_1974,1185
Mask_The_1994,1179
Sling_Blade_1996,1177
Apocalypse_Now_1979,1176
Splash_1984,1163
Starship_Troopers_1997,1163
Planet_of_the_Apes_1968,1162
Pleasantville_1998,1158
Back_to_the_Future_Part_II_1989,1158
Gone_with_the_Wind_1939,1156
Life_Is_Beautiful_La_Vita__bella_1997,1152
Back_to_the_Future_Part_III_1990,1148
Platoon_1986,1143
Seven_Se7en_1995,1137
Grosse_Pointe_Blank_1997,1136
Die_Hard_2_1990,1135
Rocky_1976,1129
Boogie_Nights_1997,1128
Indiana_Jones_and_the_Temple_of_Doom_1984,1127
Untouchables_The_1987,1127
Star_Trek_IV_The_Voyage_Home_1986,1126
Ghost_1990,1124
Lion_King_The_1994,1121
Waynes_World_1992,1120
Blazing_Saddles_1974,1119
This_Is_Spinal_Tap_1984,1118
Stargate_1994,1116
Citizen_Kane_1941,1116
Magnolia_1999,1113
Glory_1989,1112
Armageddon_1998,1110
Twister_1996,1110
League_of_Their_Own_A_1992,1099
M*A*S*H_1970,1099
Big_Lebowski_The_1998,1097
Bull_Durham_1988,1095
Sneakers_1992,1091
Thomas_Crown_Affair_The_1999,1089
Shining_The_1980,1087
My_Cousin_Vinny_1992,1086
Good_Morning_Vietnam_1987,1082
Gattaca_1997,1077
Air_Force_One_1997,1076
Mars_Attacks!_1996,1074
Run_Lola_Run_Lola_rennt_1998,1072
Fly_The_1986,1071
Mad_Max_1979,1066
Sleepy_Hollow_1999,1066
Few_Good_Men_A_1992,1061
Beauty_and_the_Beast_1991,1060
Clear_and_Present_Danger_1994,1059
African_Queen_The_1951,1057
Patriot_Games_1992,1052
Rear_Window_1954,1050
Sting_The_1973,1049
Pretty_Woman_1990,1046
Witness_1985,1046
Honey_I_Shrunk_the_Kids_1989,1045
Maltese_Falcon_The_1941,1043
Little_Mermaid_The_1989,1035
Mad_Max_2_aka_The_Road_Warrior_1981,1034
American_President_The_1995,1033
Batman_Returns_1992,1031
Three_Kings_1999,1021
Perfect_Storm_The_2000,1013
Mary_Poppins_1964,1011
Lethal_Weapon_2_1989,1011
Time_Bandits_1981,1010
Top_Gun_1986,1010
Mummy_The_1999,1007
Cocoon_1985,1006
Truman_Show_The_1998,1005
Star_Trek_VI_The_Undiscovered_Country_1991,1001
Boat_The_Das_Boot_1981,1001
Unforgiven_1992,997
X-Files_Fight_the_Future_The_1998,996
Nightmare_Before_Christmas_The_1993,996
Almost_Famous_2000,994
American_Graffiti_1973,990
Star_Trek_Generations_1994,990
Dogma_1999,989
English_Patient_The_1996,989
Enemy_of_the_State_1998,988
Sleepless_in_Seattle_1993,986
Mask_of_Zorro_The_1998,983
Moonstruck_1987,982
Leaving_Las_Vegas_1995,980
Player_The_1992,978
Last_of_the_Mohicans_The_1992,975
In_the_Line_of_Fire_1993,972
Tron_1982,970
Caddyshack_1980,967
Chasing_Amy_1997,966
Con_Air_1997,954
Dave_1993,948
Nutty_Professor_The_1996,948
Eyes_Wide_Shut_1999,945
Fisher_King_The_1991,945
Army_of_Darkness_1993,945
Fantasia_1940,943
Heat_1995,940
Elizabeth_1998,938
Bridge_on_the_River_Kwai_The_1957,938
Little_Shop_of_Horrors_1986,936
Bowfinger_1999,935
Cool_Hand_Luke_1967,930
Dead_Man_Walking_1995,928
To_Kill_a_Mockingbird_1962,928
Star_Trek_III_The_Search_for_Spock_1984,927
Ed_Wood_1994,927
Monty_Pythons_Life_of_Brian_1979,926
Alien_1992,925
Professional_The_aka_Leon_The_Professional_1994,923
Say_Anything_1989,914
From_Dusk_Till_Dawn_1996,914
Brazil_1985,913
Crocodile_Dundee_1986,912
Wedding_Singer_The_1998,909
U-571_2000,908
Out_of_Sight_1998,908
Wag_the_Dog_1997,907
Vertigo_1958,905
Wild_Wild_West_1999,902
Spaceballs_1987,899
Goldfinger_1964,897
Deep_Impact_1998,895
GoldenEye_1995,888
Fast_Times_at_Ridgemont_High_1982,886
Scream_1996,886
Exorcist_The_1973,885
Grifters_The_1990,885
Insider_The_1999,884
Misery_1990,884
Escape_from_New_York_1981,884
Game_The_1997,882
Sound_of_Music_The_1965,882
Wrong_Trousers_The_1993,882
Dark_City_1998,874
Man_on_the_Moon_1999,874
Office_Space_1999,872
Backdraft_1991,869
Starman_1984,865
Lady_and_the_Tramp_1955,864
Meet_the_Parents_2000,862
World_Is_Not_Enough_The_1999,862
Tomorrow_Never_Dies_1997,862
Pee-wees_Big_Adventure_1985,861
French_Connection_The_1971,861
Dead_Poets_Society_1989,855
Mystery_Men_1999,853
Risky_Business_1983,852
Boys_Dont_Cry_1999,850
Superman_II_1980,846
Desperately_Seeking_Susan_1985,840
Diner_1982,839
Trading_Places_1983,839
Youve_Got_Mail_1998,838
Big_Chill_The_1983,838
Mrs_Doubtfire_1993,838
Sense_and_Sensibility_1995,835
Some_Like_It_Hot_1959,832
Lawrence_of_Arabia_1962,831
Devils_Advocate_The_1997,826
Die_Hard_With_a_Vengeance_1995,825
LA_Story_1991,825
Firm_The_1993,824
Good_The_Bad_and_The_Ugly_The_1966,822
Frequency_2000,821
My_Best_Friends_Wedding_1997,820
Grease_1978,817
What_About_Bob?_1991,817
Parenthood_1989,811
Conspiracy_Theory_1997,811
Blade_1998,809
Grumpy_Old_Men_1993,809
Star_Trek_Insurrection_1998,807
Ronin_1998,806
Thin_Red_Line_The_1998,803
Heathers_1989,803
Lethal_Weapon_3_1992,802
Maverick_1994,802
Fatal_Attraction_1987,802
Willow_1988,802
Negotiator_The_1998,799
Roger_&_Me_1989,798
Poltergeist_1982,795
Mission_to_Mars_2000,793
Star_Trek_The_Motion_Picture_1979,792
Shanghai_Noon_2000,791
Big_Daddy_1999,791
Broadcast_News_1987,789
Dune_1984,789
Double_Jeopardy_1999,786
Swingers_1996,786
Do_the_Right_Thing_1989,781
Notting_Hill_1999,780
Alien_Resurrection_1997,779
Batman_Forever_1995,777
Entrapment_1999,777
Gremlins_1984,776
Godfather_Part_III_The_1990,774
Payback_1999,773
Dangerous_Liaisons_1988,773
Like_Water_for_Chocolate_Como_agua_para_chocolate_1992,772
From_Russia_with_Love_1963,771
Field_of_Dreams_1989,768
Ace_Ventura_Pet_Detective_1994,766
Dog_Day_Afternoon_1975,765
Kingpin_1996,765
Midnight_Run_1988,765
Manchurian_Candidate_The_1962,765
Snow_White_and_the_Seven_Dwarfs_1937,763
West_Side_Story_1961,761
Crimson_Tide_1995,760
King_Kong_1933,756
JFK_1991,756
Romy_and_Micheles_High_School_Reunion_1997,755
Repo_Man_1984,751
Singin_in_the_Rain_1952,751
Trainspotting_1996,751
Basic_Instinct_1992,751
13th_Warrior_The_1999,750
Right_Stuff_The_1983,750
Simple_Plan_A_1998,745
Sleeper_1973,744
Muppet_Movie_The_1979,744
Excalibur_1981,742
Highlander_1986,741
Thing_The_1982,741
Stripes_1981,740
Interview_with_the_Vampire_1994,738
Rocketeer_The_1991,736
Crow_The_1994,734
Birds_The_1963,733
Outbreak_1995,733
Nikita_La_Femme_Nikita_1990,733
Killing_Fields_The_1984,732
Running_Man_The_1987,730
Its_a_Wonderful_Life_1946,729
Deliverance_1972,729
Jackie_Brown_1997,724
Go_1999,723
Hook_1991,722
Mad_Max_Beyond_Thunderdome_1985,722
Searching_for_Bobby_Fischer_1993,720
Sixteen_Candles_1984,719
Donnie_Brasco_1997,719
Manhattan_1979,718
Hoop_Dreams_1994,716
Goonies_The_1985,716
Night_of_the_Living_Dead_1968,715
Addams_Family_The_1991,714
Rosemarys_Baby_1968,712
Cider_House_Rules_The_1999,711
Dark_Crystal_The_1982,710
Dirty_Dozen_The_1967,707
Legends_of_the_Fall_1994,705
Quiz_Show_1994,705
Ben-Hur_1959,704
Waking_Ned_Devine_1998,703
FX_1986,701
Jumanji_1995,701
Natural_Born_Killers_1994,700
Deer_Hunter_The_1978,700
10_Things_I_Hate_About_You_1999,700
NeverEnding_Story_The_1984,699
Harold_and_Maude_1971,697
Great_Escape_The_1963,696
Gods_Must_Be_Crazy_The_1980,695
Whats_Eating_Gilbert_Grape_1993,693
Pretty_in_Pink_1986,693
Naked_Gun_From_the_Files_of_Police_Squad!_The_1988,692
Generals_Daughter_The_1999,691
Network_1976,688
Cape_Fear_1991,687
Dirty_Dancing_1987,687
Cliffhanger_1993,686
Bonnie_and_Clyde_1967,686
Birdcage_The_1996,682
Casino_1995,682
Happy_Gilmore_1996,682
So_I_Married_an_Axe_Murderer_1993,682
Awakenings_1990,680
Doors_The_1991,680
Truth_About_Cats_&_Dogs_The_1996,679
Raging_Bull_1980,677
Strictly_Ballroom_1992,676
Breakfast_at_Tiffanys_1961,676
Home_Alone_1990,675
Iron_Giant_The_1999,674
Jewel_of_the_Nile_The_1985,673
While_You_Were_Sleeping_1995,673
Bram_Stokers_Dracula_1992,672
Arsenic_and_Old_Lace_1944,672
Gandhi_1982,671
Lethal_Weapon_4_1998,669
Jacobs_Ladder_1990,667
Lost_in_Space_1998,667
Much_Ado_About_Nothing_1993,667
White_Men_Cant_Jump_1992,667
Sister_Act_1992,666
Liar_Liar_1997,666
Jungle_Book_The_1967,664
Bulworth_1998,664
Midnight_Cowboy_1969,663
Dumb_&_Dumber_1994,660
Cell_The_2000,658
Producers_The_1968,658
True_Romance_1993,658
Best_in_Show_2000,657
Close_Shave_A_1995,657
Blue_Velvet_1986,654
Driving_Miss_Daisy_1989,652
Moonraker_1979,652
Waterworld_1995,651
Runaway_Bride_1999,650
Dr_No_1962,646
Antz_1998,645
Patton_1970,645
Dazed_and_Confused_1993,643
Predator_2_1990,643
Santa_Clause_The_1994,641
Demolition_Man_1993,640
American_History_X_1998,640
Bone_Collector_The_1999,640
Broken_Arrow_1996,638
My_Fair_Lady_1964,636
Last_Emperor_The_1987,636
Westworld_1973,636
Chariots_of_Fire_1981,634
Arlington_Road_1999,634
American_Psycho_2000,630
Lone_Star_1996,630
Mr_Mom_1983,628
Midnight_in_the_Garden_of_Good_and_Evil_1997,628
Invasion_of_the_Body_Snatchers_1956,628
Blood_Simple_1984,628
Seven_Samurai_The_Magnificent_Seven_Shichinin_no_samurai_1954,628
Rush_Hour_1998,627
Wild_Things_1998,626
Bodyguard_The_1992,626
Logans_Run_1976,626
Out_of_Africa_1985,626
Lock_Stock_&_Two_Smoking_Barrels_1998,625
Never_Been_Kissed_1999,624
Dick_Tracy_1990,624
Powder_1995,624
River_Runs_Through_It_A_1992,623
Poseidon_Adventure_The_1972,622
Heavy_Metal_1981,618
Analyze_This_1999,616
12_Angry_Men_1957,616
Cinema_Paradiso_1988,615
Lawnmower_Man_The_1992,615
Tin_Cup_1996,615
Scary_Movie_2000,613
Star_Trek_V_The_Final_Frontier_1989,613
Pi_1998,613
Civil_Action_A_1998,612
Dragonheart_1996,612
Adventures_of_Buckaroo_Bonzai_Across_the_8th_Dimension_The_1984,611
Piano_The_1993,608
Opposite_of_Sex_The_1998,608
Batman_&_Robin_1997,606
Strange_Days_1995,605
Whole_Nine_Yards_The_2000,602
Fletch_1985,599
Hudsucker_Proxy_The_1994,599
Deep_Blue_Sea_1999,598
Duck_Soup_1933,594
Peter_Pan_1953,594
Fried_Green_Tomatoes_1991,593
Being_There_1979,591
Little_Big_Man_1970,591
Hoosiers_1986,590
Boiler_Room_2000,590
Bambi_1942,589
October_Sky_1999,588
Gone_in_60_Seconds_2000,584
Big_Trouble_in_Little_China_1986,584
Dead_Again_1991,583
Red_Violin_The_Le_Violon_rouge_1998,583
Philadelphia_Story_The_1940,582
Prince_of_Egypt_The_1998,579
Gods_and_Monsters_1998,578
Cinderella_1950,577
Scream_3_2000,577
20000_Leagues_Under_the_Sea_1954,575
Hot_Shots!_Part_Deux_1993,573
Jerk_The_1979,573
Bound_1996,572
Conan_the_Barbarian_1982,572
Glengarry_Glen_Ross_1992,571
Rumble_in_the_Bronx_1995,570
Three_Amigos!_1986,569
Net_The_1995,569
Dumbo_1941,568
Carrie_1976,567
101_Dalmatians_1961,565
Congo_1995,565
Ghostbusters_II_1989,565
War_of_the_Worlds_The_1953,565
Ransom_1996,564
Judge_Dredd_1995,564
Doctor_Zhivago_1965,564
End_of_Days_1999,564
Saint_The_1997,563
Space_Jam_1996,563
Sex_Lies_and_Videotape_1989,562
Young_Guns_1988,562
Philadelphia_1993,561
Me_Myself_and_Irene_2000,560
Room_with_a_View_A_1986,560
Nurse_Betty_2000,559
Day_the_Earth_Stood_Still_The_1951,559
Cruel_Intentions_1999,559
Commitments_The_1991,558
Airplane_II_The_Sequel_1982,558
Bringing_Out_the_Dead_1999,557
GI_Jane_1997,557
Scent_of_a_Woman_1992,555
Rob_Roy_1995,554
Labyrinth_1986,554
Tombstone_1993,553
Double_Indemnity_1944,551
Species_1995,550
Vacation_1983,549
American_Werewolf_in_London_An_1981,549
Evil_Dead_II_Dead_By_Dawn_1987,548
Natural_The_1984,548
Shine_1996,548
Prizzis_Honor_1985,545
To_Die_For_1995,544
Pitch_Black_2000,542
Ladyhawke_1985,542
Honeymoon_in_Vegas_1992,542
Mr_Hollands_Opus_1995,541
Adventures_in_Babysitting_1987,541
Big_Sleep_The_1946,541
Sphere_1998,541
Desperado_1995,540
Flight_of_the_Navigator_1986,536
Titan_AE_2000,535
Teenage_Mutant_Ninja_Turtles_1990,534
Arthur_1981,534
Coneheads_1993,533
Pushing_Tin_1999,533
Terms_of_Endearment_1983,530
Three_Musketeers_The_1993,529
That_Thing_You_Do!_1996,528
Doctor_Dolittle_1998,527
Alice_in_Wonderland_1951,525
James_and_the_Giant_Peach_1996,525
Falling_Down_1993,524
Babe_Pig_in_the_City_1998,523
Fistful_of_Dollars_A_1964,522
Grapes_of_Wrath_The_1940,521
Breaking_Away_1979,520
Stuart_Little_1999,520
On_the_Waterfront_1954,519
Muriels_Wedding_1994,518
Hard_Days_Night_A_1964,518
Scrooged_1988,516
Client_The_1994,515
Christmas_Vacation_1989,515
Touch_of_Evil_1958,514
Working_Girl_1988,514
Faculty_The_1998,513
Buffy_the_Vampire_Slayer_1992,512
Escape_from_LA_1996,511
Superman_III_1983,511
Sleeping_Beauty_1959,511
Weird_Science_1985,510
Hurricane_The_1999,509
Ice_Storm_The_1997,507
Ordinary_People_1980,507
Peggy_Sue_Got_Married_1986,506
Halloween_1978,506
28_Days_2000,505
Alien_Nation_1988,504
Body_Heat_1981,504
Guns_of_Navarone_The_1961,502
Emma_1996,501
Postino_Il_The_Postman_1994,501
Last_Action_Hero_1993,500
Godzilla_1998,499
Private_Parts_1997,499
Pinocchio_1940,498
Event_Horizon_1997,498
Dead_Calm_1989,497
Charlottes_Web_1973,497
Wonder_Boys_2000,496
Snake_Eyes_1998,495
Serpico_1973,495
Spanish_Prisoner_The_1997,493
Robocop_2_1990,493
Karate_Kid_The_1984,493
Cop_Land_1997,492
Crumb_1994,491
Mulan_1998,490
Keeping_the_Faith_2000,489
Spy_Who_Loved_Me_The_1977,487
Stir_of_Echoes_1999,487
Primal_Fear_1996,485
Easy_Rider_1969,485
Any_Given_Sunday_1999,483
Mariachi_El_1992,483
Streetcar_Named_Desire_A_1951,483
Strangers_on_a_Train_1951,482
Benny_&_Joon_1993,481
Fly_The_1958,480
Howards_End_1992,480
Third_Man_The_1949,480
William_Shakespeares_Romeo_and_Juliet_1996,479
Purple_Rose_of_Cairo_The_1985,479
Space_Cowboys_2000,478
Welcome_to_the_Dollhouse_1995,478
Grumpier_Old_Men_1995,478
Heavenly_Creatures_1994,477
Karate_Kid_Part_II_The_1986,477
Forever_Young_1992,477
Haunting_The_1999,476
Rudy_1993,476
Ruthless_People_1986,475
Red_Dawn_1984,475
Spawn_1997,475
I_Know_What_You_Did_Last_Summer_1997,475
Malcolm_X_1992,475
Beavis_and_Butt-head_Do_America_1996,475
Patch_Adams_1998,474
Joy_Luck_Club_The_1993,474
Limey_The_1999,474
Secrets_&_Lies_1996,474
Grand_Day_Out_A_1992,473
Better_Off_Dead_1985,472
Apostle_The_1997,471
Six_Days_Seven_Nights_1998,471
Popeye_1980,471
Sunset_Blvd_aka_Sunset_Boulevard_1950,470
2010_1984,470
Adventures_of_Priscilla_Queen_of_the_Desert_The_1994,469
Hercules_1997,469
Mosquito_Coast_The_1986,466
Sliding_Doors_1998,464
What_Lies_Beneath_2000,463
Addams_Family_Values_1993,463
Escape_from_the_Planet_of_the_Apes_1971,463
Waiting_for_Guffman_1996,462
Under_Siege_1992,461
Man_with_the_Golden_Gun_The_1974,461
Key_Largo_1948,461
Eraser_1996,460
Crimes_and_Misdemeanors_1989,460
Final_Destination_2000,459
Golden_Child_The_1986,459
Johnny_Mnemonic_1995,458
Sabrina_1995,458
Elephant_Man_The_1980,457
People_vs_Larry_Flynt_The_1996,456
Mystery_Science_Theater_3000_The_Movie_1996,456
Bullets_Over_Broadway_1994,455
Scream_2_1997,455
Return_to_Me_2000,454
Treasure_of_the_Sierra_Madre_The_1948,453
Fantasia_2000_1999,453
Conversation_The_1974,453
My_Left_Foot_1989,453
Kramer_Vs_Kramer_1979,452
Akira_1988,452
And_Now_for_Something_Completely_Different_1971,451
Ghost_and_the_Darkness_The_1996,451
Nightmare_on_Elm_Street_A_1984,451
Mallrats_1995,451
Hustler_The_1961,450
Big_Night_1996,450
Color_Purple_The_1985,450
Remains_of_the_Day_The_1993,450
US_Marshalls_1998,448
Angel_Heart_1987,448
Mickey_Blue_Eyes_1999,448
Pacific_Heights_1990,447
Creepshow_1982,447
Defending_Your_Life_1991,446
Notorious_1946,445
Hairspray_1988,445
Rocky_II_1979,445
To_Catch_a_Thief_1955,443
Clue_1985,443
Cabaret_1972,443
Tarzan_1999,442
Real_Genius_1985,442
Courage_Under_Fire_1996,441
Toys_1992,440
Wallace_&_Gromit_The_Best_of_Aardman_Animation_1996,438
Single_White_Female_1992,438
Lord_of_the_Rings_The_1978,438
Remember_the_Titans_2000,437
Timecop_1994,436
Footloose_1984,435
Long_Kiss_Goodnight_The_1996,434
Howard_the_Duck_1986,434
VictorVictoria_1982,434
Waynes_World_2_1993,433
Brothers_McMullen_The_1995,433
Girl_Interrupted_1999,431
Mighty_Aphrodite_1995,431
Naked_Gun_2_12_The_Smell_of_Fear_The_1991,431
Dick_1999,430
Singles_1992,429
Straight_Story_The_1999,429
Reality_Bites_1994,428
In_&_Out_1997,428
Phenomenon_1996,427
Henry_V_1989,426
Spartacus_1960,426
Roman_Holiday_1953,425
For_Your_Eyes_Only_1981,425
Beach_The_2000,423
Live_and_Let_Die_1973,422
Soylent_Green_1973,422
Shaft_2000,421
Lake_Placid_1999,421
Mister_Roberts_1955,421
Days_of_Thunder_1990,420
Rules_of_Engagement_2000,420
Waterboy_The_1998,420
Road_Trip_2000,419
Stigmata_1999,419
Quick_and_the_Dead_The_1995,418
Brady_Bunch_Movie_The_1995,418
Money_Pit_The_1986,418
Apartment_The_1960,417
Arrival_The_1996,417
Craft_The_1996,416
Ever_After_A_Cinderella_Story_1998,416
Executive_Decision_1996,416
Drugstore_Cowboy_1989,416
Bob_Roberts_1992,415
Midsummer_Nights_Dream_A_1999,415
Crocodile_Dundee_II_1988,414
Flatliners_1990,413
Bringing_Up_Baby_1938,413
Police_Academy_1984,413
Naked_Gun_33_13_The_Final_Insult_1994,412
eXistenZ_1999,410
Shes_All_That_1999,410
Tommy_Boy_1995,410
Omen_The_1976,409
Steel_Magnolias_1989,408
Private_Benjamin_1980,407
Frankenstein_1931,406
On_Golden_Pond_1981,405
Hollow_Man_2000,405
American_Tail_An_1986,404
Thunderball_1965,404
All_About_Eve_1950,403
Far_and_Away_1992,403
City_of_Lost_Children_The_1995,403
High_Noon_1952,403
Rebel_Without_a_Cause_1955,402
Rambo_First_Blood_Part_II_1985,401
Rocky_III_1982,401
Perfect_Murder_A_1998,401
Marathon_Man_1976,400
Anaconda_1997,399
Yellow_Submarine_1968,399
Snow_Falling_on_Cedars_1999,398
First_Blood_1982,397
His_Girl_Friday_1940,397
Kiss_the_Girls_1997,395
Peacemaker_The_1997,395
Summer_of_Sam_1999,395
Stalag_17_1953,394
All_About_My_Mother_Todo_Sobre_Mi_Madre_1999,394
City_Slickers_II_The_Legend_of_Curlys_Gold_1994,392
Cool_Runnings_1993,392
Michael_1996,392
Man_in_the_Iron_Mask_The_1998,391
Year_of_Living_Dangerously_1982,391
Thirteenth_Floor_The_1999,391
Ideal_Husband_An_1999,390
Hunchback_of_Notre_Dame_The_1996,390
Odd_Couple_The_1968,389
Ace_Ventura_When_Nature_Calls_1995,389
Serial_Mom_1994,389
Contender_The_2000,388
Fallen_1998,388
Metropolis_1926,388
Pink_Floyd_-_The_Wall_1982,387
Hope_Floats_1998,387
Bridges_of_Madison_County_The_1995,387
Barbarella_1968,386
Don_Juan_DeMarco_1995,386
Siege_The_1998,386
Rebecca_1940,386
Return_of_the_Pink_Panther_The_1974,385
European_Vacation_1985,385
Cable_Guy_The_1996,385
Licence_to_Kill_1989,385
Mr_Smith_Goes_to_Washington_1939,383
Madness_of_King_George_The_1994,383
Bicentennial_Man_1999,383
Drop_Dead_Gorgeous_1999,383
Hamlet_1996,382
Rising_Sun_1993,382
Pocahontas_1995,382
Sweet_Hereafter_The_1997,381
Honey_I_Blew_Up_the_Kid_1992,381
Miracle_on_34th_Street_1947,380
Bird_on_a_Wire_1990,380
Absent_Minded_Professor_The_1961,380
Absolute_Power_1997,380
Dial_M_for_Murder_1954,379
Devil_in_a_Blue_Dress_1995,379
Verdict_The_1982,379
Young_Sherlock_Holmes_1985,379
Copycat_1995,378
Adventures_of_Robin_Hood_The_1938,378
Kellys_Heroes_1970,375
Universal_Soldier_1992,375
Rocky_IV_1985,375
Robin_Hood_Men_in_Tights_1993,374
Sleepers_1996,374
Jumpin_Jack_Flash_1986,374
It_Happened_One_Night_1934,374
Inspector_Gadget_1999,373
Forbidden_Planet_1956,373
Weekend_at_Bernies_1989,373
Smoke_Signals_1998,372
Bananas_1971,372
King_and_I_The_1956,372
Gremlins_2_The_New_Batch_1990,372
History_of_the_World_Part_I_1981,371
Jaws_2_1978,370
Carlitos_Way_1993,369
Small_Time_Crooks_2000,369
Secret_of_NIMH_The_1982,369
Young_Guns_II_1990,369
Delicatessen_1991,368
Dead_Men_Dont_Wear_Plaid_1982,367
IQ_1994,367
Speed_2_Cruise_Control_1997,367
City_of_Angels_1998,366
Alive_1993,366
Beneath_the_Planet_of_the_Apes_1970,365
Married_to_the_Mob_1988,365
Outlaw_Josey_Wales_The_1976,365
Soapdish_1991,365
Sabrina_1954,365
Small_Soldiers_1998,364
101_Dalmatians_1996,364
From_Here_to_Eternity_1953,364
Dead_Zone_The_1983,363
Cyrano_de_Bergerac_1990,363
Flashdance_1983,362
First_Knight_1995,362
Bad_Boys_1995,362
Seven_Years_in_Tibet_1997,362
Cape_Fear_1962,361
Mighty_Ducks_The_1992,361
Breaker_Morant_1980,360
Blast_from_the_Past_1999,360
Bachelor_Party_1984,360
Five_Easy_Pieces_1970,359
Fabulous_Baker_Boys_The_1989,358
Conquest_of_the_Planet_of_the_Apes_1972,358
Millers_Crossing_1990,358
Great_Muppet_Caper_The_1981,358
Tank_Girl_1995,358
Ran_1985,357
Indian_in_the_Cupboard_The_1995,357
Little_Shop_of_Horrors_The_1960,356
Harvey_1950,356
Romeo_and_Juliet_1968,356
What_Dreams_May_Come_1998,355
Legend_1985,355
No_Way_Out_1987,355
Amityville_Horror_The_1979,355
Billy_Madison_1995,355
Breakdown_1997,354
Buffalo_66_1998,354
Back_to_School_1986,354
For_Love_of_the_Game_1999,354
Last_Picture_Show_The_1971,354
On_Her_Majestys_Secret_Service_1969,353
Lord_of_the_Flies_1963,353
Women_on_the_Verge_of_a_Nervous_Breakdown_1988,353
Primary_Colors_1998,353
St_Elmos_Fire_1985,352
Longest_Day_The_1962,352
Beverly_Hills_Cop_III_1994,352
Amistad_1997,351
Local_Hero_1983,351
Guess_Whos_Coming_to_Dinner_1967,350
Englishman_Who_Went_Up_a_Hill_But_Came_Down_a_Mountain_The_1995,350
Super_Mario_Bros_1993,350
Shall_We_Dance?_Shall_We_Dansu?_1996,350
River_Wild_The_1994,350
Dolores_Claiborne_1994,349
Fantastic_Voyage_1966,348
In_the_Heat_of_the_Night_1967,348
Mimic_1997,348
Pelican_Brief_The_1993,346
Grand_Canyon_1991,346
Eat_Drink_Man_Woman_1994,346
Blue_Lagoon_The_1980,346
Ref_The_1994,346
Princess_Mononoke_The_Mononoke_Hime_1997,345
Rounders_1998,345
Dinosaur_2000,345
Heaven_Can_Wait_1978,345
Meet_Joe_Black_1998,344
Robin_Hood_Prince_of_Thieves_1991,344
Sophies_Choice_1982,344
Time_to_Kill_A_1996,344
Robin_Hood_1973,343
Color_of_Money_The_1986,343
American_in_Paris_An_1951,343
Battlefield_Earth_2000,342
Messenger_The_Story_of_Joan_of_Arc_The_1999,341
Muppets_Take_Manhattan_The_1984,341
Home_Alone_2_Lost_in_New_York_1992,341
House_on_Haunted_Hill_The_1999,341
Hand_That_Rocks_the_Cradle_The_1992,340
Death_Becomes_Her_1992,339
Porkys_1981,339
Secret_Garden_The_1993,338
Dreamscape_1984,338
Frighteners_The_1996,338
Blob_The_1958,338
Jackal_The_1997,337
Manhattan_Murder_Mystery_1993,335
Three_Colors_Red_1994,334
Anna_and_the_King_1999,333
Superman_IV_The_Quest_for_Peace_1987,332
Romeo_Must_Die_2000,331
Children_of_a_Lesser_God_1986,331
Phantasm_1979,330
My_Life_as_a_Dog_Mitt_liv_som_hund_1985,330
Little_Voice_1998,330
Circle_of_Friends_1995,329
Astronauts_Wife_The_1999,328
Of_Mice_and_Men_1992,328
Virgin_Suicides_The_1999,328
Stand_and_Deliver_1987,327
Hard-Boiled_Lashou_shentan_1992,327
About_Last_Night_1986,326
French_Kiss_1995,326
For_a_Few_Dollars_More_1965,325
Nashville_1975,325
Papillon_1973,325
Rosencrantz_and_Guildenstern_Are_Dead_1990,325
View_to_a_Kill_A_1985,325
Name_of_the_Rose_The_1986,324
Island_of_Dr_Moreau_The_1996,324
Petes_Dragon_1977,323
Goodbye_Girl_The_1977,322
Hackers_1995,321
Dantes_Peak_1997,321
Prince_of_Tides_The_1991,321
Rainmaker_The_1997,321
True_Grit_1969,320
Happiness_1998,320
Friday_1995,319
Bedknobs_and_Broomsticks_1971,319
Three_Days_of_the_Condor_1975,319
Replacement_Killers_The_1998,319
Flirting_With_Disaster_1996,318
Friday_the_13th_1980,317
Drop_Dead_Fred_1991,317
All_That_Jazz_1979,317
High_Plains_Drifter_1972,317
Pump_Up_the_Volume_1990,317
Pecker_1998,316
Meatballs_1979,315
Six_Degrees_of_Separation_1993,315
Ghost_Dog_The_Way_of_the_Samurai_1999,314
Ghost_in_the_Shell_Kokaku_kidotai_1995,314
In_the_Name_of_the_Father_1993,312
Man_with_Two_Brains_The_1983,312
Pale_Rider_1985,312
Battle_for_the_Planet_of_the_Apes_1973,312
Mortal_Kombat_1995,311
Man_Who_Would_Be_King_The_1975,310
King_Kong_1976,309
M_1931,308
Perfect_World_A_1993,308
Deuce_Bigalow_Male_Gigolo_1999,308
In_the_Company_of_Men_1997,307
Fright_Night_1985,306
Air_America_1990,306
Charade_1963,306
Cant_Hardly_Wait_1998,306
Some_Folks_Call_It_a_Sling_Blade_1993,306
Tequila_Sunrise_1988,306
Watership_Down_1978,305
Shane_1953,305
Kentucky_Fried_Movie_The_1977,305
Pet_Sematary_1989,305
Modern_Times_1936,305
Big_Kahuna_The_2000,304
Anastasia_1997,304
Atlantic_City_1980,304
Freejack_1992,304
Father_of_the_Bride_1950,304
Sid_and_Nancy_1986,304
Requiem_for_a_Dream_2000,304
Topsy-Turvy_1999,304
burbs_The_1989,303
Grease_2_1982,303
Klute_1971,302
My_Favorite_Year_1982,302
EDtv_1999,302
Flubber_1997,302
Skulls_The_2000,302
Short_Cuts_1993,301
Rambo_III_1988,301
Zero_Effect_1998,301
Old_Yeller_1957,301
Godzilla_Gojira_1954,301
Heartbreak_Ridge_1986,300
My_Dog_Skip_1999,300
Barb_Wire_1996,300
Secret_of_Roan_Inish_The_1994,300
Stepford_Wives_The_1975,300
Seventh_Seal_The_Sjunde_inseglet_Det_1957,299
Striptease_1996,298
Fear_and_Loathing_in_Las_Vegas_1998,298
Menace_II_Society_1993,298
Ninth_Gate_The_2000,298
Harry_and_the_Hendersons_1987,298
Jackie_Chans_First_Strike_1996,297
Whos_Afraid_of_Virginia_Woolf?_1966,297
Father_of_the_Bride_Part_II_1995,296
First_Wives_Club_The_1996,295
American_Movie_1999,295
American_Gigolo_1980,295
Age_of_Innocence_The_1993,295
Black_Hole_The_1979,295
I_Still_Know_What_You_Did_Last_Summer_1998,295
Midnight_Express_1978,295
Tin_Men_1987,295
Night_Shift_1982,294
Kalifornia_1993,294
Flamingo_Kid_The_1984,294
Encino_Man_1992,293
Sword_in_the_Stone_The_1963,293
Thin_Man_The_1934,292
Laura_1944,292
Help!_1965,291
Escape_to_Witch_Mountain_1975,291
Sommersby_1993,291
Soldier_1998,290
Reindeer_Games_2000,289
George_of_the_Jungle_1997,289
Paper_Chase_The_1973,289
Devils_Own_The_1997,288
Avengers_The_1998,288
Sweet_and_Lowdown_1999,288
Fox_and_the_Hound_The_1981,287
Mystery_Alaska_1999,287
Karate_Kid_III_The_1989,286
2_Days_in_the_Valley_1996,286
Shadowlands_1993,286
Somewhere_in_Time_1980,285
Radio_Days_1987,285
Free_Willy_1993,285
Everything_You_Always_Wanted_to_Know_About_Sex_1972,285
Little_Women_1994,285
Hidden_The_1987,284
Fly_II_The_1989,284
Deconstructing_Harry_1997,284
Evita_1996,282
Night_of_the_Comet_1984,281
Murder_at_1600_1997,281
Cat_Ballou_1965,280
Story_of_Us_The_1999,280
South_Pacific_1958,280
Them!_1954,280
Thomas_Crown_Affair_The_1968,280
Hellraiser_1987,279
Hud_1963,279
Nineteen_Eighty-Four_1984,278
Aristocats_The_1970,278
Mumford_1999,277
Where_the_Heart_Is_2000,277
When_We_Were_Kings_1996,277
Raise_the_Red_Lantern_1991,277
Return_to_Oz_1985,276
Taking_of_Pelham_One_Two_Three_The_1974,276
Swiss_Family_Robinson_1960,276
Agnes_of_God_1985,276
Mulholland_Falls_1996,275
Holiday_Inn_1942,275
Gold_Rush_The_1925,275
Nightmare_on_Elm_Street_Part_2_Freddys_Revenge_A_1985,274
Auntie_Mame_1958,274
Everyone_Says_I_Love_You_1996,274
Creature_Comforts_1990,274
Rocky_V_1990,274
Swamp_Thing_1982,273
Supercop_1992,273
Shallow_Grave_1994,273
Shampoo_1975,273
Christine_1983,273
8MM_1999,272
Wolf_1994,272
White_Christmas_1954,271
Cat_on_a_Hot_Tin_Roof_1958,271
City_Lights_1931,271
Empire_Records_1995,271
Iron_Eagle_1986,271
Wyatt_Earp_1994,270
Thin_Blue_Line_The_1988,269
Hamlet_1990,269
Murphys_Romance_1985,269
Body_Snatchers_1993,269
Around_the_World_in_80_Days_1956,269
All_Quiet_on_the_Western_Front_1930,268
Nightmare_on_Elm_Street_3_Dream_Warriors_A_1987,268
Parent_Trap_The_1998,268
Inherit_the_Wind_1960,268
It_Could_Happen_to_You_1994,268
Breaking_the_Waves_1996,267
Eye_of_the_Beholder_1999,267
Flintstones_The_1994,267
Firestarter_1984,267
Slums_of_Beverly_Hills_The_1998,267
Towering_Inferno_The_1974,266
Varsity_Blues_1999,266
Unbearable_Lightness_of_Being_The_1988,266
Ulees_Gold_1997,266
Fools_Rush_In_1997,266
Bamba_La_1987,266
Instinct_1999,266
Mrs_Brown_Her_Majesty_Mrs_Brown_1997,265
American_Werewolf_in_Paris_An_1997,265
Where_Eagles_Dare_1969,265
Smillas_Sense_of_Snow_1997,265
Psycho_1998,264
Wild_Bunch_The_1969,264
Tender_Mercies_1983,264
Mercury_Rising_1998,264
Loaded_Weapon_1_1993,264
Kids_in_the_Hall_Brain_Candy_1996,264
Great_Expectations_1998,263
Medicine_Man_1992,263
Bronx_Tale_A_1993,263
Candyman_1992,262
Muppet_Christmas_Carol_The_1992,262
Immortal_Beloved_1994,261
Guys_and_Dolls_1955,260
Misrables_Les_1998,259
Casper_1995,259
54_1998,259
Cocoon_The_Return_1988,259
Cradle_Will_Rock_The_1999,259
Running_Scared_1986,259
Red_Rock_West_1992,258
7th_Voyage_of_Sinbad_The_1958,258
Parent_Trap_The_1961,258
Corrina_Corrina_1994,257
Diva_1981,257
Forget_Paris_1995,257
Outsiders_The_1983,256
Muppet_Treasure_Island_1996,256
Last_Man_Standing_1996,256
Last_Temptation_of_Christ_The_1988,254
Farewell_My_Concubine_1993,254
Disclosure_1994,254
Falcon_and_the_Snowman_The_1984,253
39_Steps_The_1935,253
Bottle_Rocket_1996,253
Bicycle_Thief_The_Ladri_di_biciclette_1948,252
Bachelor_The_1999,252
Man_Who_Knew_Too_Little_The_1997,252
Take_the_Money_and_Run_1969,252
Presidio_The_1988,251
Teenage_Mutant_Ninja_Turtles_II_The_Secret_of_the_Ooze_1991,251
Top_Hat_1935,251
Wes_Cravens_New_Nightmare_1994,251
U_Turn_1997,250
Random_Hearts_1999,250
Rescuers_The_1977,249
Plan_9_from_Outer_Space_1958,249
Nutty_Professor_II_The_Klumps_2000,248
Renaissance_Man_1994,248
Re-Animator_1985,248
Texas_Chainsaw_Massacre_The_1974,247
Angels_in_the_Outfield_1994,247
Blowup_1966,246
Brother_from_Another_Planet_The_1984,246
Detroit_Rock_City_1999,246
Cujo_1983,245
FX_2_1992,245
Airheads_1994,245
Tampopo_1986,245
Searchers_The_1956,245
Mary_Shelleys_Frankenstein_1994,244
Killer_The_Die_xue_shuang_xiong_1989,244
Jagged_Edge_1985,244
Gung_Ho_1986,244
Three_Colors_Blue_1993,243
Wings_of_Desire_Der_Himmel_ber_Berlin_1987,242
Richard_III_1995,242
Love_Bug_The_1969,242
Nightmare_on_Elm_Street_4_The_Dream_Master_A_1988,242
Needful_Things_1993,242
Once_Upon_a_Time_in_America_1984,241
Hang_em_High_1967,241
Badlands_1973,241
Replacements_The_2000,241
Addicted_to_Love_1997,240
Funny_Farm_1988,240
Childs_Play_1988,239
Jungle_Book_The_1994,239
My_Blue_Heaven_1990,239
Multiplicity_1996,239
Rescuers_Down_Under_The_1990,239
Stop_Making_Sense_1984,239
My_Bodyguard_1980,238
Nosferatu_Nosferatu_eine_Symphonie_des_Grauens_1922,238
Doctor_Dolittle_1967,238
Dracula_1931,238
Fletch_Lives_1989,238
Brassed_Off_1996,238
Chain_Reaction_1996,237
Nine_12_Weeks_1986,237
Relic_The_1997,237
Practical_Magic_1998,236
White_Squall_1996,236
My_Own_Private_Idaho_1991,236
Best_Years_of_Our_Lives_The_1946,236
Forces_of_Nature_1999,235
Exotica_1994,235
Croupier_1998,235
Cookies_Fortune_1999,235
Bring_It_On_2000,234
Battleship_Potemkin_The_Bronenosets_Potyomkin_1925,234
Homeward_Bound_The_Incredible_Journey_1993,234
Nobodys_Fool_1994,233
Children_of_the_Corn_1984,233
Cube_1997,233
Shes_the_One_1996,233
Shadow_of_a_Doubt_1943,233
Fly_Away_Home_1996,232
Beverly_Hills_Ninja_1997,232
Batman_Mask_of_the_Phantasm_1993,232
Apple_Dumpling_Gang_The_1975,232
Muppets_From_Space_1999,232
Invisible_Man_The_1933,232
Howling_The_1980,231
Mouse_Hunt_1997,231
Clan_of_the_Cave_Bear_The_1986,231
Transformers_The_Movie_The_1986,231
Some_Kind_of_Wonderful_1987,230
Blues_Brothers_2000_1998,230
Buena_Vista_Social_Club_1999,230
Paths_of_Glory_1957,230
Nick_of_Time_1995,229
Mission_The_1986,229
Milk_Money_1994,228
8_12_1963,228
Fearless_1993,228
With_Honors_1994,228
Edge_The_1997,227
Deep_Rising_1998,227
Bell_Book_and_Candle_1958,227
One_Fine_Day_1996,226
Urban_Legend_1998,226
Quiet_Man_The_1952,226
Police_Academy_2_Their_First_Assignment_1985,225
Mutiny_on_the_Bounty_1935,225
Brighton_Beach_Memoirs_1986,225
Angelas_Ashes_1999,225
Misrables_Les_1995,224
Omega_Man_The_1971,224
Trekkies_1997,224
What_Ever_Happened_to_Baby_Jane?_1962,223
Santa_Claus_The_Movie_1985,223
Birdy_1984,223
Creature_From_the_Black_Lagoon_The_1954,223
Bloodsport_1988,222
Nutty_Professor_The_1963,222
Jingle_All_the_Way_1996,222
Jeremiah_Johnson_1972,222
Shaft_1971,222
Song_of_the_South_1946,221
Virtuosity_1995,221
Winnie_the_Pooh_and_the_Blustery_Day_1968,221
Lolita_1997,221
Blown_Away_1994,221
Dead_Presidents_1995,221
Death_Wish_1974,220
Manon_of_the_Spring_Manon_des_sources_1986,220
Palmetto_1998,220
Kids_1995,220
Way_We_Were_The_1973,220
Run_Silent_Run_Deep_1958,220
Walk_in_the_Clouds_A_1995,219
Village_of_the_Damned_1960,219
Titanic_1953,219
Heart_and_Souls_1993,219
Henry_Portrait_of_a_Serial_Killer_1990,219
Man_for_All_Seasons_A_1966,219
Love_and_Death_1975,219
Citizen_Ruth_1996,219
Matilda_1996,218
Junior_1994,218
Wings_of_the_Dove_The_1997,218
Very_Bad_Things_1998,217
Showgirls_1995,217
Indecent_Proposal_1993,217
Cold_Comfort_Farm_1995,217
Bride_of_Frankenstein_1935,216
Jean_de_Florette_1986,216
Hellraiser_Bloodline_1996,216
Hard_Target_1993,216
Great_Dictator_The_1940,216
Vegas_Vacation_1997,216
Yojimbo_1961,215
Reds_1981,215
Jungle_Fever_1991,215
Nell_1994,215
Central_Station_Central_do_Brasil_1998,215
All_Dogs_Go_to_Heaven_1989,215
East_of_Eden_1955,215
Freddys_Dead_The_Final_Nightmare_1991,215
Mod_Squad_The_1999,214
Oliver!_1968,213
Operation_Dumbo_Drop_1995,213
Places_in_the_Heart_1984,213
Lifeboat_1944,213
Something_Wicked_This_Way_Comes_1983,213
Smoke_1995,213
Suicide_Kings_1997,213
Superstar_1999,213
Up_in_Smoke_1978,212
Paper_The_1994,212
Never_Cry_Wolf_1983,212
Murder_in_the_First_1995,212
Man_Without_a_Face_The_1993,212
Object_of_My_Affection_The_1998,211
Nine_Months_1995,211
Tommy_1975,211
When_a_Man_Loves_a_Woman_1994,211
Shes_Gotta_Have_It_1986,210
Magnum_Force_1973,210
Jaws_3-D_1983,210
Horse_Whisperer_The_1998,210
Blind_Date_1987,210
Aladdin_and_the_King_of_Thieves_1996,209
Madonna_Truth_or_Dare_1991,209
Swimming_with_Sharks_1995,209
Tao_of_Steve_The_2000,208
McCabe_&_Mrs_Miller_1971,208
Barcelona_1994,208
Idle_Hands_1999,207
Sirens_1994,207
Son_in_Law_1993,206
Shop_Around_the_Corner_The_1940,206
Spellbound_1945,206
Hard_Rain_1998,206
Attack_of_the_Killer_Tomatoes!_1980,206
Abbott_and_Costello_Meet_Frankenstein_1948,206
Adventures_of_Rocky_and_Bullwinkle_The_2000,206
General_The_1927,206
Jack_Frost_1998,205
Living_in_Oblivion_1995,205
Marty_1955,205
Daylight_1996,204
Boys_from_Brazil_The_1978,204
Highlander_III_The_Sorcerer_1994,203
Shadow_The_1994,203
To_Sir_with_Love_1967,203
To_Wong_Foo_Thanks_for_Everything!_Julie_Newmar_1995,203
Under_Siege_2_Dark_Territory_1995,203
Three_Colors_White_1994,202
Simon_Birch_1998,202
Sister_Act_2_Back_in_the_Habit_1993,202
Robocop_3_1993,202
Runaway_Train_1985,201
Lolita_1962,201
My_Life_in_Pink_Ma_vie_en_rose_1997,201
Blame_It_on_Rio_1984,201
American_Tail_Fievel_Goes_West_An_1991,201
Coyote_Ugly_2000,201
Cutting_Edge_The_1992,200
Dancer_in_the_Dark_2000,200
End_of_the_Affair_The_1999,200
Bean_1997,200
Black_Cauldron_The_1985,200
Nightmare_on_Elm_Street_5_The_Dream_Child_A_1989,200
Out-of-Towners_The_1999,199
Lady_Vanishes_The_1938,199
Halloween_H20_1998,199
Buddy_Holly_Story_The_1978,199
And_Justice_for_All_1979,199
Anatomy_of_a_Murder_1959,199
Eraserhead_1977,199
Friday_the_13th_Part_3_3D_1982,199
Force_10_from_Navarone_1978,199
Teaching_Mrs_Tingle_1999,199
Tom_Jones_1963,198
Species_II_1998,198
Cook_the_Thief_His_Wife_&_Her_Lover_The_1989,198
Affliction_1997,198
Cat_from_Outer_Space_The_1978,198
Half_Baked_1998,198
Metropolitan_1990,198
Steamboat_Willie_1940,197
Police_Academy_3_Back_in_Training_1986,196
Next_Stop_Wonderland_1998,196
Halloween_II_1981,195
Great_Santini_The_1979,195
Butchers_Wife_The_1991,195
Boys_on_the_Side_1995,195
Coming_Home_1978,195
Whats_Love_Got_to_Do_with_It?_1993,195
Tora!_Tora!_Tora!_1970,194
Christmas_Carol_A_1938,194
Boomerang_1992,194
Angels_and_Insects_1995,194
House_of_Yes_The_1997,194
Night_on_Earth_1991,194
In_the_Mouth_of_Madness_1995,193
Barefoot_in_the_Park_1967,193
D2_The_Mighty_Ducks_1994,193
Soul_Man_1986,193
Black_Sheep_1996,192
Me_Myself_I_2000,192
Missing_in_Action_1984,191
Rope_1948,191
Prophecy_The_1995,190
Spice_World_1997,190
Thunderbolt_and_Lightfoot_1974,190
Nighthawks_1981,190
Drowning_Mona_2000,190
Fast_Cheap_&_Out_of_Control_1997,189
Dead_Ringers_1988,189
Big_Hit_The_1998,189
Affair_to_Remember_An_1957,189
My_Science_Project_1985,189
Meet_Me_in_St_Louis_1944,189
Kolya_1996,189
Very_Brady_Sequel_A_1996,189
Virus_1999,189
Red_Sonja_1985,189
Teenage_Mutant_Ninja_Turtles_III_1993,188
Mirror_Has_Two_Faces_The_1996,188
My_Man_Godfrey_1936,188
Mystery_Train_1989,188
Gigi_1958,187
400_Blows_The_Les_Quatre_cents_coups_1959,187
Apt_Pupil_1998,187
Canadian_Bacon_1994,187
Cabin_Boy_1994,187
Gaslight_1944,187
Hard_8_aka_Sydney_aka_Hard_Eight_1996,186
Hero_1992,186
Saving_Grace_2000,186
Return_from_Witch_Mountain_1978,186
Swing_Kids_1993,185
Happy_Texas_1999,185
Outrageous_Fortune_1987,185
Malice_1993,185
Action_Jackson_1988,185
But_Im_a_Cheerleader_1999,184
BASEketball_1998,183
Haunting_The_1963,183
Hocus_Pocus_1993,183
Halloween_The_Curse_of_Michael_Myers_1995,183
Lifeforce_1985,183
Richie_Rich_1994,183
Poltergeist_II_The_Other_Side_1986,182
Supergirl_1984,182
Toxic_Avenger_The_1985,182
Koyaanisqatsi_1983,182
Beautiful_Girls_1996,182
Center_Stage_2000,182
Basketball_Diaries_The_1995,181
200_Cigarettes_1999,181
Volcano_1997,181
Voyage_to_the_Bottom_of_the_Sea_1961,180
What_Planet_Are_You_From?_2000,180
Big_Mommas_House_2000,180
Freaky_Friday_1977,180
King_of_New_York_1990,180
Mighty_Joe_Young_1998,180
Man_Who_Knew_Too_Much_The_1956,179
Persuasion_1995,179
Living_Out_Loud_1998,179
Hamlet_2000,179
Eves_Bayou_1997,179
Airport_1970,179
Another_Stakeout_1993,179
Way_of_the_Gun_The_2000,179
Stop!_Or_My_Mom_Will_Shoot_1992,179
Robert_A_Heinleins_The_Puppet_Masters_1994,179
Screamers_1995,178
Threesome_1994,178
Crush_The_1993,178
No_Escape_1994,178
NeverEnding_Story_II_The_Next_Chapter_The_1990,177
Matewan_1987,177
Mr_Saturday_Night_1992,177
Born_Yesterday_1950,177
Borrowers_The_1997,177
Boy_Who_Could_Fly_The_1986,176
Bronco_Billy_1980,176
East_is_East_1999,176
Hanging_Up_2000,176
Kundun_1997,176
Killing_Zoe_1994,176
Bear_The_1988,175
Wing_Commander_1999,175
Spanking_the_Monkey_1994,175
Shall_We_Dance?_1937,175
Seventh_Sign_The_1988,175
Police_Academy_4_Citizens_on_Patrol_1987,174
Quest_for_Fire_1981,174
Thinner_1996,174
Cat_People_1982,174
Funny_Face_1957,174
Once_Upon_a_Time_in_the_West_1969,173
Vampires_1998,173
Whos_Harry_Crumb?_1989,173
Mr_Nice_Guy_1997,172
Little_Princess_A_1995,172
Last_Detail_The_1973,172
Jack_1996,171
Ghost_and_Mrs_Muir_The_1947,171
House_Party_1990,171
Friday_the_13th_Part_2_1981,171
Brokedown_Palace_1999,171
Bad_Lieutenant_1992,171
And_the_Band_Played_On_1993,171
Ravenous_1999,171
Waiting_to_Exhale_1995,170
Fog_The_1980,170
Michael_Collins_1996,170
Message_in_a_Bottle_1999,170
Miracle_on_34th_Street_1994,170
On_the_Town_1949,169
Freeway_1996,169
Friday_the_13th_The_Final_Chapter_1984,169
Deep_End_of_the_Ocean_The_1999,169
Barry_Lyndon_1975,169
Sliver_1993,169
Road_to_El_Dorado_The_2000,168
Belle_de_jour_1967,168
Fierce_Creatures_1997,168
Next_Friday_1999,168
Once_Were_Warriors_1994,168
Paulie_1998,168
Mother_1996,168
Goofy_Movie_A_1995,168
Hellbound_Hellraiser_II_1988,167
Mona_Lisa_1986,167
Picnic_at_Hanging_Rock_1975,167
North_Dallas_Forty_1979,167
Everest_1998,167
Suspicion_1941,167
Restoration_1995,166
Things_to_Do_in_Denver_when_Youre_Dead_1995,166
Boxing_Helena_1993,166
Carnal_Knowledge_1971,166
Adventures_of_Milo_and_Otis_The_1986,166
How_to_Make_an_American_Quilt_1995,166
House_1986,166
Grand_Illusion_Grande_illusion_La_1937,165
Kid_The_2000,165
Damien_Omen_II_1978,165
Seven_Days_in_May_1964,165
Something_to_Talk_About_1995,164
Soldiers_Story_A_1984,164
Psycho_II_1983,164
Clockwatchers_1997,164
Baby_Geniuses_1999,164
Great_Race_The_1965,164
Operation_Condor_Feiying_gaiwak_1990,164
Other_Sister_The_1999,163
Outside_Providence_1999,163
Mommie_Dearest_1981,163
Return_of_Jafar_The_1993,163
Titus_1999,163
Twin_Peaks_Fire_Walk_with_Me_1992,163
Selena_1997,162
Mummy_The_1932,162
Picture_Perfect_1997,162
Ghosts_of_Mississippi_1996,162
Babes_in_Toyland_1961,162
Cats_Eye_1985,162
Anywhere_But_Here_1999,161
Disturbing_Behavior_1998,161
Piranha_1978,161
One_Crazy_Summer_1986,161
Monkey_Shines_1988,161
Sullivans_Travels_1942,161
Supernova_2000,161
Village_of_the_Damned_1995,161
To_Be_or_Not_to_Be_1942,161
Problem_Child_1990,160
Money_Train_1995,160
Next_Best_Thing_The_2000,160
Hilary_and_Jackie_1998,160
Hunger_The_1983,160
He_Got_Game_1998,160
Indochine_1992,160
Dracula_Dead_and_Loving_It_1995,160
Before_Sunrise_1995,160
Paradise_Lost_The_Child_Murders_at_Robin_Hood_Hills_1996,159
Only_You_1994,158
Pink_Flamingos_1972,158
Darby_OGill_and_the_Little_People_1959,158
Return_of_Martin_Guerre_The_Retour_de_Martin_Guerre_Le_1982,158
Puppet_Master_1989,157
She-Devil_1989,157
Thirty-Two_Short_Films_About_Glenn_Gould_1993,157
Four_Rooms_1995,157
Muse_The_1999,157
McHales_Navy_1997,156
Pawnbroker_The_1965,156
Corruptor_The_1999,156
Benji_1974,156
Beverly_Hillbillies_The_1993,156
Shaggy_Dog_The_1959,156
Spitfire_Grill_The_1996,156
Postman_Always_Rings_Twice_The_1981,155
Butcher_Boy_The_1998,155
Next_Karate_Kid_The_1994,155
Lucas_1986,155
Liberty_Heights_1999,155
Journey_of_Natty_Gann_The_1985,154
Home_Alone_3_1997,154
Man_Bites_Dog_Cest_arriv_prs_de_chez_vous_1992,154
Candidate_The_1972,154
Alligator_1980,153
Dead_Man_1995,153
Nixon_1995,153
Specialist_The_1994,153
Program_The_1993,152
Twelfth_Night_1996,152
Cowboy_Way_The_1994,152
Asphalt_Jungle_The_1950,151
Love_and_Death_on_Long_Island_1997,151
Golden_Voyage_of_Sinbad_The_1974,151
In_the_Army_Now_1994,151
Tales_from_the_Crypt_Presents_Bordello_of_Blood_1996,151
Police_Academy_5_Assignment_Miami_Beach_1988,150
Police_Academy_6_City_Under_Siege_1989,149
Road_to_Wellville_The_1994,149
Tales_from_the_Hood_1995,149
They_Shoot_Horses_Dont_They?_1969,149
Endless_Summer_The_1966,149
Beautician_and_the_Beast_The_1997,148
Iron_Eagle_II_1988,148
Jules_and_Jim_Jules_et_Jim_1961,148
Jesus_Son_1999,148
Near_Dark_1987,148
One_False_Move_1991,148
Rapture_The_1991,148
Trouble_with_Harry_The_1955,147
Original_Kings_of_Comedy_The_2000,147
Passion_Fish_1992,147
Maximum_Overdrive_1986,147
Bank_Dick_The_1940,147
Bride_of_Chucky_1998,147
Enchanted_April_1991,147
Exit_to_Eden_1994,147
Cutthroat_Island_1995,146
Down_by_Law_1986,146
Looking_for_Richard_1996,146
Jungle2Jungle_aka_Jungle_2_Jungle_1997,146
Home_Fries_1998,146
Winslow_Boy_The_1998,146
Stepmom_1998,146
Lady_Eve_The_1941,145
Lost_Highway_1997,145
Mansfield_Park_1999,145
Condorman_1981,145
Fan_The_1996,145
Angus_1995,145
8_Heads_in_a_Duffel_Bag_1997,145
Art_of_War_The_2000,144
Booty_Call_1997,144
Coma_1978,144
Love_Letter_The_1999,144
Mighty_Joe_Young_1949,144
Night_at_the_Roxbury_A_1998,144
Night_to_Remember_A_1958,144
Oliver_&_Company_1988,144
Kid_in_King_Arthurs_Court_A_1995,144
Return_to_Paradise_1998,144
Tales_From_the_Crypt_Presents_Demon_Knight_1995,144
Raisin_in_the_Sun_A_1961,143
Priest_1994,143
Solaris_Solyaris_1972,143
Godzilla_2000_Gojira_ni-sen_mireniamu_1999,143
Getaway_The_1994,143
Bio-Dome_1996,143
D3_The_Mighty_Ducks_1996,142
Emerald_Forest_The_1985,142
Major_League_Back_to_the_Minors_1998,142
Higher_Learning_1995,141
Kagemusha_1980,141
Dreamlife_of_Angels_The_La_Vie_rve_des_anges_1998,141
Dangerous_Minds_1995,141
Color_of_Night_1994,141
Crash_1996,141
Celluloid_Closet_The_1995,141
Someone_to_Watch_Over_Me_1987,141
Substitute_The_1996,141
Porkys_II_The_Next_Day_1983,141
Rugrats_Movie_The_1998,141
Waking_the_Dead_1999,141
Volunteers_1985,141
Trip_to_Bountiful_The_1985,140
Speechless_1994,140
Sgt_Bilko_1996,140
52_Pick-Up_1986,140
How_Stella_Got_Her_Groove_Back_1998,140
Major_Payne_1994,140
Lord_of_Illusions_1995,139
20_Dates_1998,139
Eyes_of_Laura_Mars_1978,139
SLC_Punk!_1998,139
Poison_Ivy_1992,139
Up_Close_and_Personal_1996,139
Taming_of_the_Shrew_The_1967,139
Easy_Money_1983,138
Loser_2000,138
Pillow_Book_The_1995,138
Houseguest_1994,138
Allan_Quartermain_and_the_Lost_City_of_Gold_1987,137
Terminal_Velocity_1994,137
Postman_The_1997,137
Pollyanna_1960,136
Pokmon_The_First_Movie_1998,136
Until_the_End_of_the_World_Bis_ans_Ende_der_Welt_1991,136
Walkabout_1971,136
Children_of_the_Damned_1963,136
King_Kong_vs_Godzilla_Kingukongu_tai_Gojira_1962,136
Mildred_Pierce_1945,136
Pagemaster_The_1994,135
Last_Days_of_Disco_The_1998,135
Highlander_Endgame_2000,135
Herbie_Rides_Again_1974,135
Crow_City_of_Angels_The_1996,135
Dirty_Work_1998,135
Frances_1982,135
True_Crime_1995,135
Thing_From_Another_World_The_1951,135
Runaway_1984,135
Wolf_Man_The_1941,134
Beyond_the_Mat_2000,134
Place_in_the_Sun_A_1951,134
Mighty_The_1998,134
Mortal_Kombat_Annihilation_1997,134
Music_of_the_Heart_1999,133
High_Art_1998,133
Judgment_Night_1993,133
Against_All_Odds_1984,133
Drunken_Master_Zui_quan_1979,133
Down_Periscope_1996,133
Childs_Play_2_1990,133
Saturn_3_1979,133
Tie_Me_Up!_Tie_Me_Down!_1990,132
War_Room_The_1993,132
Ninotchka_1939,132
Old_Man_and_the_Sea_The_1958,131
Meteor_1979,131
Joes_Apartment_1996,131
Inventing_the_Abbotts_1997,131
Great_Mouse_Detective_The_1986,131
True_Crime_1999,131
U2_Rattle_and_Hum_1988,130
Giant_1956,130
Killing_The_1956,130
Distinguished_Gentleman_The_1992,130
Dead_Man_on_Campus_1998,130
Armed_and_Dangerous_1986,130
Breathless_1983,129
Double_Life_of_Veronique_The_La_Double_Vie_de_Vronique_1991,129
Class_1983,129
Drop_Zone_1994,129
Halloween_4_The_Return_of_Michael_Myers_1988,129
Mafia!_1998,129
Tigger_Movie_The_2000,129
Striking_Distance_1993,129
Wishmaster_1997,128
Man_Who_Knew_Too_Much_The_1934,128
Gods_Must_Be_Crazy_II_The_1989,128
Dying_Young_1991,128
Fanny_and_Alexander_1982,128
Fear_1996,128
Flintstones_in_Viva_Rock_Vegas_The_2000,128
City_Hall_1996,128
Computer_Wore_Tennis_Shoes_The_1970,128
Blue_Streak_1999,128
Basquiat_1996,127
Bad_Seed_The_1956,127
Exorcist_III_The_1990,127
Girlfight_2000,127
Halloween_5_The_Revenge_of_Michael_Myers_1989,127
I_Love_Trouble_1994,127
Marked_for_Death_1990,127
Time_Code_2000,127
Ready_to_Wear_Pret-A-Porter_1994,127
Rosewood_1997,126
Three_Caballeros_The_1945,126
Velvet_Goldmine_1998,126
Playing_by_Heart_1998,126
Assassins_1995,126
Aces_Iron_Eagle_III_1992,125
Clay_Pigeons_1998,125
Daytrippers_The_1996,124
Mr_Death_The_Rise_and_Fall_of_Fred_A_Leuchter_Jr_1999,124
Stranger_Than_Paradise_1984,124
Surviving_the_Game_1994,124
That_Darn_Cat!_1965,123
Wrongfully_Accused_1998,123
Phantom_The_1996,123
My_Favorite_Martian_1999,123
Burnt_By_the_Sun_Utomlyonnye_solntsem_1994,123
Down_to_You_2000,122
Lost_Weekend_The_1945,122
Gypsy_1962,122
Tea_with_Mussolini_1999,122
Snow_Day_2000,122
Porkys_Revenge_1985,122
Stardust_Memories_1980,121
Godzilla_Gojira_1984,121
Harriet_the_Spy_1996,121
Last_Supper_The_1995,121
Mrs_Winterbourne_1996,121
My_Fellow_Americans_1996,121
Paris_Texas_1984,121
Chuck_&_Buck_2000,121
Extreme_Measures_1996,121
Dudley_Do-Right_1999,121
Blue_Hawaii_1961,121
Backbeat_1993,120
Bed_of_Roses_1996,120
Communion_1989,120
Kazaam_1996,120
Jawbreaker_1999,119
Orgazmo_1997,119
Newton_Boys_The_1998,119
Love_and_Basketball_2000,119
Crooklyn_1994,119
Drive_Me_Crazy_1999,119
Earthquake_1974,119
All_the_Kings_Men_1949,119
Bonfire_of_the_Vanities_1990,118
Days_of_Heaven_1978,118
Marnie_1964,118
Peters_Friends_1992,118
Jakob_the_Liar_1999,118
Gullivers_Travels_1939,117
Celebration_The_Festen_1998,117
Autumn_in_New_York_2000,117
Ruby_in_Paradise_1993,117
Romeo_Is_Bleeding_1993,117
Umbrellas_of_Cherbourg_The_Parapluies_de_Cherbourg_Les_1964,117
Texas_Chainsaw_Massacre_2_The_1986,116
April_Fools_Day_1986,116
Clockers_1995,116
Jennifer_8_1992,116
Life_Less_Ordinary_A_1997,116
Pet_Sematary_II_1992,116
Madeline_1998,116
Chungking_Express_1994,115
Simply_Irresistible_1999,115
Vanya_on_42nd_Street_1994,114
Friday_the_13th_Part_V_A_New_Beginning_1985,114
Orlando_1993,114
Just_Cause_1995,114
Juror_The_1996,114
Hamlet_1948,113
Henry_Fool_1997,113
Mad_City_1997,113
Free_Willy_2_The_Adventure_Home_1995,113
Gate_The_1987,113
Exorcist_II_The_Heretic_1977,113
Baby_Secret_of_the_Lost_Legend_1985,113
Shaggy_DA_The_1976,113
Sleepwalkers_1992,113
Stuart_Saves_His_Family_1995,112
Preachers_Wife_The_1996,112
Poltergeist_III_1988,112
Pumpkinhead_1988,112
American_Pop_1981,112
Air_Bud_1997,112
Friday_the_13th_Part_VI_Jason_Lives_1986,112
One_True_Thing_1998,112
Phantom_of_the_Opera_The_1943,112
Nights_of_Cabiria_Le_Notti_di_Cabiria_1957,111
Dont_Be_a_Menace_to_South_Central_While_Drinking_Your_Juice_in_the_Hood_1996,111
Desperate_Measures_1998,111
Best_Man_The_1999,111
Flawless_1999,110
Nothing_in_Common_1986,110
Navigator_A_Mediaeval_Odyssey_The_1988,110
Murder_My_Sweet_1944,110
MatchMaker_The_1997,109
Kull_the_Conqueror_1997,109
Apple_Dumpling_Gang_Rides_Again_The_1979,109
Red_Corner_1997,109
Your_Friends_and_Neighbors_1998,109
To_Gillian_on_Her_37th_Birthday_1996,108
Splendor_in_the_Grass_1961,108
Death_and_the_Maiden_1994,108
Crucible_The_1996,108
Krippendorfs_Tribe_1998,108
Melvin_and_Howard_1980,108
Pit_and_the_Pendulum_1961,107
Little_Rascals_The_1994,107
How_Green_Was_My_Valley_1941,107
Gilda_1946,107
Carnival_of_Souls_1962,107
Spy_Hard_1996,107
Pork_Chop_Hill_1959,107
Solo_1996,106
Sinbad_and_the_Eye_of_the_Tiger_1977,106
Flesh_and_Bone_1993,106
Duets_2000,106
Out_of_the_Past_1947,106
Party_Girl_1995,105
Paris_Is_Burning_1990,105
Mark_of_Zorro_The_1940,105
Halloween_III_Season_of_the_Witch_1983,105
Heaven_&_Earth_1993,105
Fled_1996,105
Gay_Divorcee_The_1934,105
Captain_Horatio_Hornblower_1951,105
Blue_Sky_1994,105
Street_Fighter_1994,105
Rage_Carrie_2_The_1999,105
Return_of_the_Fly_1959,104
Beloved_1998,104
Bulletproof_1996,104
Creepshow_2_1987,104
Herbie_Goes_Bananas_1980,104
Homegrown_1998,104
Marvins_Room_1996,104
Missing_in_Action_2_The_Beginning_1985,104
Palm_Beach_Story_The_1942,104
Love!_Valour!_Compassion!_1997,103
House_II_The_Second_Story_1987,103
Foxfire_1996,103
East-West_Est-ouest_1999,103
Anchors_Aweigh_1945,103
Stealing_Beauty_1996,103
Three_to_Tango_1999,103
Walk_on_the_Moon_A_1999,102
Sudden_Death_1995,102
Suddenly_Last_Summer_1959,102
After_Life_1998,102
Believers_The_1987,102
Big_One_The_1997,102
Dark_Half_The_1993,102
Dracula_1958,102
Life_1999,102
Kiss_of_Death_1995,102
Low_Down_Dirty_Shame_A_1994,102
Maurice_1987,101
Herbie_Goes_to_Monte_Carlo_1977,101
Glimmer_Man_The_1996,101
Fighting_Seabees_The_1944,101
Flying_Tigers_1942,101
Cemetery_Man_Dellamorte_Dellamore_1994,101
Two_Girls_and_a_Guy_1997,101
Tales_from_the_Darkside_The_Movie_1990,100
Safe_1995,100
Pokmon_the_Movie_2000_2000,100
Blue_Angel_The_Blaue_Engel_Der_1930,100
Garden_of_Finzi-Contini_The_Giardino_dei_Finzi-Contini_Il_1970,100
Fatal_Instinct_1993,100
Dangerous_Beauty_1998,100
Children_of_Paradise_Les_enfants_du_paradis_1945,100
Get_Carter_2000,100
Little_Big_League_1994,100
I_Shot_Andy_Warhol_1996,100
Metro_1997,100
Othello_1995,100
NeverEnding_Story_III_The_1994,99
Hurlyburly_1998,99
Home_for_the_Holidays_1995,99
Friday_the_13th_Part_VIII_Jason_Takes_Manhattan_1989,99
Brief_Encounter_1946,99
Balto_1995,99
Problem_Child_2_1991,99
Psycho_III_1986,98
Trees_Lounge_1996,98
Wrong_Man_The_1956,98
Assault_on_Precinct_13_1976,98
For_Whom_the_Bell_Tolls_1943,98
Fitzcarraldo_1982,98
Fantastic_Planet_The_La_Plante_sauvage_1973,98
Childs_Play_3_1992,97
Davy_Crockett_King_of_the_Wild_Frontier_1955,97
American_Flyers_1985,97
Boys_Life_1995,97
Lawnmower_Man_2_Beyond_Cyberspace_1996,97
Made_in_America_1993,97
Lost_Horizon_1937,97
Swept_Away_Travolti_da_un_insolito_destino_nellazzurro_mare_dAgosto_1975,97
Shakes_the_Clown_1991,97
Ruling_Class_The_1972,96
Whos_That_Girl?_1987,96
Max_Dugan_Returns_1983,96
House_on_Haunted_Hill_1958,96
Celebrity_1998,96
Blank_Check_1994,96
Bamboozled_2000,96
Fair_Game_1995,96
Frenzy_1972,95
Gingerbread_Man_The_1998,95
On_the_Beach_1959,95
Twin_Falls_Idaho_1999,95
Pope_of_Greenwich_Village_The_1984,95
Watcher_The_2000,94
Tin_Drum_The_Blechtrommel_Die_1979,94
That_Darn_Cat!_1997,94
Things_Change_1988,94
Naked_1993,94
Microcosmos_Microcosmos_Le_peuple_de_lherbe_1996,94
It_Came_from_Outer_Space_1953,94
Dear_God_1996,94
Albino_Alligator_1996,94
Black_Beauty_1994,94
Candyman_Farewell_to_the_Flesh_1995,93
Fresh_1994,93
Foreign_Correspondent_1940,93
Jeffrey_1995,93
Irma_la_Douce_1963,93
Kicking_and_Screaming_1995,93
Mighty_Morphin_Power_Rangers_The_Movie_1995,93
Mummy_The_1959,93
My_Man_Godfrey_1957,93
Newsies_1992,93
Tough_Guys_1986,93
Set_It_Off_1996,93
Puppet_Master_III_Toulons_Revenge_1991,92
Urban_Legends_Final_Cut_2000,92
Hands_on_a_Hard_Body_1996,92
Hollywood_Knights_The_1980,92
Dersu_Uzala_1974,92
Black_and_White_1999,92
Boondock_Saints_The_1999,92
Friday_the_13th_Part_VII_The_New_Blood_1988,91
Great_White_Hype_The_1996,91
Gentlemans_Agreement_1947,91
Incredible_Journey_The_1963,91
Jade_1995,91
Oscar_and_Lucinda_aka_Oscar_&_Lucinda_1997,91
Men_With_Guns_1997,91
Mediterraneo_1991,91
Man_and_a_Woman_A_Un_Homme_et_une_Femme_1966,91
Universal_Soldier_The_Return_1999,91
Prom_Night_1980,91
Star_Is_Born_A_1937,91
Trust_1990,90
Man_with_the_Golden_Arm_The_1955,90
Playing_God_1997,90
I_Saw_What_You_Did_1965,90
Holy_Man_1998,90
Evening_Star_The_1996,90
Beautiful_Thing_1996,90
Air_Up_There_The_1994,90
Bad_Girls_1994,89
Antonias_Line_Antonia_1995,89
Caligula_1980,89
Here_on_Earth_2000,89
Phantasm_II_1988,89
Moll_Flanders_1996,89
Vampire_in_Brooklyn_1995,89
Saboteur_1942,89
Rocket_Man_1997,88
Switchback_1997,88
Mary_Reilly_1996,88
My_Life_1993,88
Limbo_1999,88
Burglar_1987,88
42_Up_1998,88
Excess_Baggage_1997,88
Fathers_Day_1997,88
FairyTale_A_True_Story_1997,87
Beyond_Rangoon_1995,87
Big_Blue_The_Le_Grand_Bleu_1988,87
Hellraiser_III_Hell_on_Earth_1992,87
Geronimo_An_American_Legend_1993,87
Morning_After_The_1986,87
Sunshine_1999,87
Sesame_Street_Presents_Follow_That_Bird_1985,87
Wood_The_1999,87
Queen_Margot_La_Reine_Margot_1994,86
Go_Fish_1994,86
Betrayed_1988,86
Feeling_Minnesota_1996,85
Death_Wish_II_1982,85
Incredibly_True_Adventure_of_Two_Girls_in_Love_The_1995,85
Lords_of_Flatbush_The_1974,85
Long_Walk_Home_The_1990,85
Peeping_Tom_1960,85
Soul_Food_1997,85
Wilde_1997,85
Unstrung_Heroes_1995,85
Trick_1999,85
Twelve_Chairs_The_1970,84
War_The_1994,84
Women_The_1939,84
Shes_So_Lovely_1997,84
Grand_Hotel_1932,84
How_to_Be_a_Player_1997,84
Airport_1975_1974,84
Family_Plot_1976,83
Interiors_1978,83
Nothing_But_Trouble_1991,83
Minus_Man_The_1999,83
Romper_Stomper_1992,83
White_Sands_1992,83
Were_No_Angels_1989,83
Welcome_To_Sarajevo_1997,82
Unzipped_1995,82
Puppet_Master_II_1990,82
Raven_The_1963,82
SubUrbia_1997,82
Mrs_Miniver_1942,82
Long_Goodbye_The_1973,82
Meet_John_Doe_1941,82
Jane_Eyre_1996,82
Gossip_2000,82
Felicias_Journey_1999,82
Eyes_of_Tammy_Faye_The_2000,82
Frankenstein_Meets_the_Wolf_Man_1943,82
Afterglow_1997,82
Amos_&_Andrew_1993,81
Braddock_Missing_in_Action_III_1988,81
Fire_Down_Below_1997,81
Even_Cowgirls_Get_the_Blues_1993,81
Dinner_Game_The_Le_Dner_de_cons_1998,81
Get_on_the_Bus_1996,81
Jury_Duty_1995,81
Kama_Sutra_A_Tale_of_Love_1996,81
Ipcress_File_The_1965,81
March_of_the_Wooden_Soldiers_aka_Laurel_&_Hardy_in_Toyland_1934,81
Mephisto_1981,81
Picnic_1955,81
Mixed_Nuts_1994,80
Farinelli_il_castrato_1994,80
Dance_with_Me_1998,79
Crimes_of_the_Heart_1986,79
Airport_77_1977,79
Mo_Better_Blues_1990,79
Love_Affair_1994,79
Pallbearer_The_1996,79
Graveyard_Shift_1990,79
Two_if_by_Sea_1996,79
Young_Doctors_in_Love_1982,79
Young_Poisoners_Handbook_The_1995,79
Girl_6_1996,78
High_School_High_1996,78
Odessa_File_The_1974,78
Chamber_The_1996,78
Carnosaur_1993,77
Boys_and_Girls_2000,77
Family_Thing_A_1996,77
Firestorm_1998,77
First_Kid_1996,77
Nightwatch_1997,77
Phantoms_1998,77
Little_Princess_The_1939,77
You_Cant_Take_It_With_You_1938,77
Yards_The_1999,77
Woman_in_the_Dunes_Suna_no_onna_1964,77
Sugarland_Express_The_1974,77
Seven_Beauties_Pasqualino_Settebellezze_1976,77
Razors_Edge_The_1984,77
Prick_Up_Your_Ears_1987,77
Son_of_Flubber_1963,76
Permanent_Midnight_1998,76
Night_Falls_on_Manhattan_1997,76
Dunston_Checks_In_1996,76
Billys_Hollywood_Screen_Kiss_1997,76
Blue_Chips_1994,75
All_Dogs_Go_to_Heaven_2_1996,75
Hoodlum_1997,75
Scarlet_Letter_The_1995,75
School_Daze_1988,74
Shanghai_Triad_Yao_a_yao_yao_dao_waipo_qiao_1995,74
Heavy_1995,74
Heartburn_1986,74
King_of_the_Hill_1993,74
Indian_Summer_aka_Alive_&_Kicking_1996,74
Impostors_The_1998,74
Mortal_Thoughts_1991,74
At_First_Sight_1999,74
Face_in_the_Crowd_A_1957,74
Coogans_Bluff_1968,74
Crimson_Pirate_The_1952,73
Meatballs_Part_II_1984,73
Ride_with_the_Devil_1999,73
Ponette_1996,73
Withnail_and_I_1987,72
Omega_Code_The_1999,72
Pal_Joey_1957,72
Operation_Condor_2_Longxiong_hudi_1990,72
Kurt_&_Courtney_1998,72
Haunted_Honeymoon_1986,72
Good_Earth_The_1937,72
Dancer_Texas_Pop_81_1998,72
Death_Wish_3_1985,72
Duel_in_the_Sun_1946,72
8_Seconds_1994,72
Band_Wagon_The_1953,71
Bride_of_the_Monster_1956,71
Earth_Vs_the_Flying_Saucers_1956,71
Fear_of_a_Black_Hat_1993,71
Fury_The_1978,71
Diabolique_1996,71
Little_Buddha_1993,71
Where_the_Buffalo_Roam_1980,71
Under_the_Rainbow_1981,71
Trial_and_Error_1997,71
Prefontaine_1997,71
Six-String_Samurai_1998,71
Stay_Tuned_1992,71
Soldiers_Daughter_Never_Cries_A_1998,70
Girl_on_the_Bridge_The_La_Fille_sur_le_Pont_1999,70
Governess_The_1998,70
Play_it_to_the_Bone_1999,70
Night_Mother_1986,70
Braindead_1992,70
Broken_Hearts_Club_The_2000,70
Carrington_1995,70
Cecil_B_Demented_2000,69
Butterfly_La_Lengua_de_las_Mariposas_2000,69
Air_Bud_Golden_Receiver_1998,69
Addiction_The_1995,69
Extremities_1986,69
My_Giant_1998,69
North_1994,69
Mother_Night_1996,69
Grace_of_My_Heart_1996,69
House_of_the_Spirits_The_1993,69
Quatermass_and_the_Pit_1967,69
Repulsion_1965,69
Sanjuro_1962,69
Woman_on_Top_2000,69
Xiu_Xiu_The_Sent-Down_Girl_Tian_yu_1998,69
Tom_and_Huck_1995,68
Scout_The_1994,68
Quest_for_Camelot_1998,68
Stanley_&_Iris_1990,68
Get_Real_1998,68
I_Dreamed_of_Africa_2000,68
If_Lucy_Fell_1996,68
Dorado_El_1967,68
Better_Than_Chocolate_1999,68
Bread_and_Chocolate_Pane_e_cioccolata_1973,67
Bats_1999,67
Cobb_1994,67
Eye_for_an_Eye_1996,67
Fatal_Beauty_1987,67
For_Love_or_Money_1993,67
King_of_Masks_The_Bian_Lian_1996,67
Homeward_Bound_II_Lost_in_San_Francisco_1996,67
Pajama_Game_The_1957,67
Steel_1997,67
Radioland_Murders_1994,67
Ready_to_Rumble_2000,66
Stealing_Home_1988,66
Tumbleweeds_1999,66
Twin_Dragons_Shuang_long_hui_1992,66
Wonderland_1999,66
My_Chauffeur_1986,66
Jerky_Boys_The_1994,66
Five_Senses_The_1999,66
Fandango_1985,66
Faraway_So_Close_In_Weiter_Ferne_So_Nah!_1993,66
Claras_Heart_1988,66
Cry_in_the_Dark_A_1988,66
Black_Mask_Hak_hap_1996,66
Blue_in_the_Face_1995,66
Bride_of_Re-Animator_1990,65
Color_of_Paradise_The_Rang-e_Khoda_1999,65
Destination_Moon_1950,65
Free_Willy_3_The_Rescue_1997,65
Money_Talks_1997,65
Meatballs_III_1987,65
Night_of_the_Creeps_1986,65
Son_of_Frankenstein_1939,65
Red_Sorghum_Hong_Gao_Liang_1987,65
Polish_Wedding_1998,65
River_The_1984,64
Odd_Couple_II_The_1998,64
Pest_The_1997,64
Lost_&_Found_1999,64
Mr_Magoo_1997,64
Life_with_Mikey_1993,64
House_Party_2_1991,64
Friends_&_Lovers_1999,64
Cops_and_Robbersons_1994,64
Body_Snatcher_The_1945,64
Babysitter_The_1995,64
Alphaville_1965,64
Bastard_Out_of_Carolina_1996,63
Big_Country_The_1958,63
Fright_Night_Part_II_1989,63
Going_My_Way_1944,63
In_Dreams_1999,63
In_Love_and_War_1996,63
Losing_Isaiah_1995,63
Masque_of_the_Red_Death_The_1964,63
Shower_Xizhao_1999,63
Star_Kid_1997,63
Van_The_1996,63
Tingler_The_1959,63
Toxic_Avenger_Part_II_The_1989,62
Tarantula_1955,62
Two_Jakes_The_1990,62
Wonderful_Horrible_Life_of_Leni_Riefenstahl_The_Die_Macht_der_Bilder_1993,62
Princess_Caraboo_1994,62
Men_Dont_Leave_1990,62
Open_Your_Eyes_Abre_los_ojos_1997,62
Joe_Goulds_Secret_2000,62
Leatherface_Texas_Chainsaw_Massacre_III_1990,62
Lightning_Jack_1994,62
Kid_The_1921,62
Gothic_1986,62
For_Richer_or_Poorer_1997,62
Flipper_1996,62
Decline_of_Western_Civilization_The_1981,62
Doom_Generation_The_1995,61
Cronos_1992,61
Final_Conflict_The_aka_Omen_III_The_Final_Conflict_1981,61
Boiling_Point_1993,61
Children_of_Heaven_The_Bacheha-Ye_Aseman_1997,61
American_Pimp_1999,61
Greatest_Show_on_Earth_The_1952,61
Guinevere_1999,61
Now_and_Then_1995,61
No_Mercy_1986,61
Strawberry_and_Chocolate_Fresa_y_chocolate_1993,61
Sheltering_Sky_The_1990,61
To_Live_Huozhe_1994,61
Two_Moon_Juction_1988,60
War_Zone_The_1999,60
Wild_America_1997,60
Poison_Ivy_New_Seduction_1997,60
Screwed_2000,60
Mr_Wrong_1996,60
American_Buffalo_1996,60
Almost_Heroes_1998,60
Bless_the_Child_2000,60
French_Twist_Gazon_maudit_1995,60
Down_in_the_Delta_1998,60
Faster_Pussycat!_Kill!_Kill!_1965,59
Champ_The_1979,59
Maya_Lin_A_Strong_Clear_Vision_1994,59
Madame_Sousatzka_1988,59
Out_to_Sea_1997,59
Jerry_Springer_Ringmaster_1998,59
Trigger_Effect_The_1996,59
Torn_Curtain_1966,58
Ridicule_1996,58
Puppet_Master_4_1993,58
Iron_Eagle_IV_1995,58
King_Kong_Lives_1986,58
Of_Human_Bondage_1934,58
MacKennas_Gold_1969,58
Mrs_Dalloway_1997,58
Mrs_Parker_and_the_Vicious_Circle_1994,58
Mole_People_The_1956,58
Bye_Bye_Love_1995,58
General_The_1998,58
Class_of_Nuke_Em_High_1986,58
Cup_The_Phrpa_1999,57
Conformist_The_Il_Conformista_1970,57
Blackbeards_Ghost_1968,57
Blink_1994,57
Bedroom_Window_The_1987,57
Prince_of_the_City_1981,57
Truth_or_Consequences_NM_1997,57
Walking_and_Talking_1996,57
World_of_Apu_The_Apur_Sansar_1959,56
Blue_Collar_1978,56
Bridge_at_Remagen_The_1969,56
Brain_That_Wouldnt_Die_The_1962,56
Amityville_II_The_Possession_1982,56
Chill_Factor_1999,56
Farewell_to_Arms_A_1932,56
Holy_Smoke_1999,56
Get_Carter_1971,55
Kiss_Me_Guido_1997,55
My_Crazy_Life_Mi_vida_loca_1993,55
Nadine_1987,55
Far_Off_Place_A_1993,55
Effect_of_Gamma_Rays_on_Man-in-the-Moon_Marigolds_The_1972,55
187_1997,55
Andre_1994,55
Body_Parts_1991,55
Simple_Twist_of_Fate_A_1994,55
Senseless_1998,55
Stupids_The_1996,55
Swan_Princess_The_1994,54
Puppet_Master_5_The_Final_Chapter_1994,54
Return_of_the_Texas_Chainsaw_Massacre_The_1994,54
Sabotage_1936,54
Wild_Man_Blues_1998,54
Tigerland_2000,54
Breakfast_of_Champions_1999,54
Candleshoe_1977,54
Bad_Taste_1987,54
Adventures_of_Pinocchio_The_1996,54
End_of_Violence_The_1997,54
From_the_Hip_1987,54
Maximum_Risk_1996,54
Little_Odessa_1994,54
Live_Nude_Girls_1995,54
Life_and_Times_of_Hank_Greenberg_The_1998,54
Inspector_General_The_1949,54
If_1968,54
It_Came_from_Beneath_the_Sea_1955,53
Glen_or_Glenda_1953,53
Hamlet_1964,53
Beautiful_People_1999,53
Burnt_Offerings_1976,53
Before_and_After_1996,53
Toxic_Avenger_Part_III_The_Last_Temptation_of_Toxie_The_1989,53
Tex_1982,53
Twilight_1998,53
Repossessed_1990,53
Stalker_1979,52
Urbania_2000,52
Whatever_1998,52
Til_There_Was_You_1997,52
Why_Do_Fools_Fall_In_Love?_1998,52
White_Mans_Burden_1995,52
White_Balloon_The_Badkonake_Sefid__1995,52
Children_of_the_Corn_II_The_Final_Sacrifice_1993,52
Angel_Baby_1995,52
Children_of_the_Revolution_1996,52
Devil_and_Max_Devlin_The_1981,52
God_Said_Ha!_1998,52
Horseman_on_the_Roof_The_Hussard_sur_le_toit_Le_1995,52
House_of_Frankenstein_1944,52
Niagara_1953,52
Not_One_Less_Yi_ge_dou_bu_neng_shao_1999,52
Map_of_the_World_A_1999,51
Hello_Mary_Lou_Prom_Night_II_1987,51
Groove_2000,51
Last_Night_1998,51
King_Creole_1958,51
Curse_of_Frankenstein_The_1957,51
Date_with_an_Angel_1987,51
Four_Days_in_September_1997,51
Angel_and_the_Badman_1947,51
Celtic_Pride_1996,51
Black_Dog_1998,51
Wild_Reeds_1994,51
Turbulence_1997,51
Trial_The_Le_Procs_1963,51
Prophecy_II_The_1998,51
Washington_Square_1997,50
Vibes_1988,50
Thousand_Acres_A_1997,50
Whole_Wide_World_The_1996,50
Blow-Out_La_Grande_Bouffe_1973,50
Audrey_Rose_1977,50
Associate_The_1996,50
Crossing_Guard_The_1995,50
Jude_1996,50
Heidi_Fleiss_Hollywood_Madam_1995,50
Hear_My_Song_1991,50
House_Arrest_1996,50
Lonely_Are_the_Brave_1962,50
Love_Is_a_Many-Splendored_Thing_1955,50
Myth_of_Fingerprints_The_1997,50
National_Lampoons_Senior_Trip_1995,49
Our_Town_1940,49
Mr_Wonderful_1993,49
Moonlight_and_Valentino_1995,49
Gridlockd_1997,49
Gone_Fishin_1997,49
Glass_Bottom_Boat_The_1966,49
Insomnia_1997,49
G_I_Blues_1960,49
Assignment_The_1997,49
8_12_Women_1999,49
Above_the_Rim_1994,49
Bustin_Loose_1981,49
Brandon_Teena_Story_The_1998,49
Wisdom_1986,49
Schizopolis_1996,49
Poison_Ivy_II_1995,48
Red_Firecracker_Green_Firecracker_1994,48
Tango_1998,48
Bound_for_Glory_1976,48
City_of_Industry_1997,48
Clean_Slate_1994,48
Death_Wish_4_The_Crackdown_1987,48
Deterrence_1998,48
Double_Team_1997,48
King_of_Marvin_Gardens_The_1972,48
Kissing_a_Fool_1998,48
Land_Before_Time_III_The_Time_of_the_Great_Giving_1995,48
Hideous_Kinky_1998,48
Lovers_of_the_Arctic_Circle_The_Los_Amantes_del_Crculo_Polar_1998,48
Mad_Love_1995,48
My_Son_the_Fanatic_1998,48
Night_Flier_1997,47
Pather_Panchali_1955,47
Phantasm_IV_Oblivion_1998,47
Mr_Jones_1993,47
Heavens_Prisoners_1996,47
Howling_II_Your_Sister_Is_a_Werewolf_1985,47
Guilty_as_Sin_1993,47
Larger_Than_Life_1996,47
Decline_of_Western_Civilization_Part_II_The_Metal_Years_The_1988,47
Cousin_Bette_1998,47
For_the_Love_of_Benji_1977,47
Bloodsport_2_1995,47
3_Ninjas_High_Noon_On_Mega_Mountain_1998,47
Amateur_1994,47
Autumn_Tale_An_Conte_dautomne_1998,47
Another_Day_in_Paradise_1998,47
Beach_Party_1963,47
Bitter_Moon_1992,46
Castle_The_1997,46
In_Too_Deep_1999,46
It_Came_from_Hollywood_1982,46
Gun_Shy_2000,46
Hot_Spot_The_1990,46
Meet_Wally_Sparks_1997,46
My_Family_1995,46
Loves_Labours_Lost_2000,45
Mifune_Mifunes_sidste_sang_1999,45
Hideaway_1995,45
Georgia_1995,45
Children_of_the_Corn_III_1994,45
Chasers_1994,45
Baraka_1992,45
Bait_2000,45
Crazy_in_Alabama_1999,45
Third_Miracle_The_1999,45
They_Might_Be_Giants_1971,45
Wings_1927,45
When_the_Cats_Away_Chacun_cherche_son_chat_1996,45
Wide_Awake_1998,44
Without_Limits_1998,44
Warriors_of_Virtue_1997,44
Turbo_A_Power_Rangers_Movie_1997,44
Two_Women_La_Ciociara_1961,44
Shafts_Big_Score!_1972,44
Chopping_Mall_aka_Killbots_1986,44
Dancing_at_Lughnasa_1998,44
Emperor_and_the_Assassin_The_Jing_ke_ci_qin_wang_1999,44
Character_Karakter_1997,44
Gloria_1999,44
Hate_Haine_La_1995,44
Ill_Do_Anything_1994,44
Love_in_the_Afternoon_1957,44
Nothing_to_Lose_1994,44
Picture_Bride_1995,43
Leave_It_to_Beaver_1997,43
HOTS_1979,43
Hype!_1996,43
Bogus_1996,43
Bandit_Queen_1994,43
Alaska_1996,43
Amityville_3-D_1983,43
Fiendish_Plot_of_Dr_Fu_Manchu_The_1980,43
Free_Enterprise_1998,43
Cutters_Way_1981,43
Desert_Bloom_1986,43
Devils_Brigade_The_1968,43
Digimon_The_Movie_2000,43
Cross_of_Iron_1977,43
Spiral_Staircase_The_1946,43
Portrait_of_a_Lady_The_1996,43
Prancer_1989,43
Thumbelina_1994,43
Whatever_It_Takes_2000,43
Poetic_Justice_1993,42
Private_School_1983,42
Quest_The_1996,42
Rollercoaster_1977,42
Son_of_Dracula_1943,42
Dog_Park_1998,42
Deadly_Friend_1986,42
Firewalker_1986,42
Baby-Sitters_Club_The_1995,42
Best_Laid_Plans_1999,42
Children_of_the_Corn_IV_The_Gathering_1996,42
Hush_1998,42
Hot_Lead_and_Cold_Feet_1978,42
Go_West_1925,42
In_the_Realm_of_the_Senses_Ai_no_corrida_1976,42
Kansas_City_1996,42
Plunkett_&_MaCleane_1999,42
Phantasm_III_Lord_of_the_Dead_1994,42
Perez_Family_The_1995,42
Paradise_Road_1997,42
My_Favorite_Season_1993,42
Othello_1952,41
Perfect_Blue_1997,41
Lovers_on_the_Bridge_The_Les_Amants_du_Pont-Neuf_1991,41
I_Went_Down_1997,41
Get_Bruce_1999,41
Great_Day_in_Harlem_A_1994,41
Besieged_L_Assedio_1998,41
Big_Green_The_1995,41
Anne_Frank_Remembered_1995,41
Rocketship_X-M_1950,41
Wild_Bill_1995,41
Three_Seasons_1999,41
Underneath_The_1995,41
Two_Family_House_2000,40
Trouble_in_Paradise_1932,40
Steal_This_Movie!_2000,40
Bad_Company_1995,40
Barefoot_Executive_The_1971,40
Barneys_Great_Adventure_1998,40
Beautiful_2000,40
And_God_Created_Woman_1988,40
Best_Men_1997,40
Bliss_1997,40
Dream_With_the_Fishes_1997,40
Dougs_1st_Movie_1999,40
Crew_The_2000,40
Im_Not_Rappaport_1996,40
Im_the_One_That_I_Want_2000,40
Jasons_Lyric_1994,40
Meatballs_4_1992,40
Miami_Rhapsody_1995,40
Monsieur_Verdoux_1947,40
Penny_Serenade_1941,40
One_Night_Stand_1997,39
M_Butterfly_1993,39
House_of_Dracula_1945,39
Eddie_1996,39
Filth_and_the_Fury_The_2000,39
Funny_Bones_1995,39
Big_Carnival_The_1951,39
Bikini_Beach_1964,39
Affair_of_Love_An_Une_Liaison_Pornographique_1999,39
Band_of_the_Hand_1986,39
Topaz_1969,39
Tarzan_and_the_Lost_City_1998,38
Widows_Peak_1994,38
Quatermass_II_1957,38
Flirt_1995,38
Death_Wish_V_The_Face_of_Death_1994,38
Daddy_Long_Legs_1919,38
House_Party_3_1994,38
Guardian_The_1990,38
Getting_Even_with_Dad_1994,38
Jefferson_in_Paris_1995,38
Lets_Get_Harry_1986,38
One_Tough_Cop_1998,38
Otello_1986,38
Official_Story_The_La_Historia_Oficial_1985,38
My_Boyfriends_Back_1993,37
Idiots_The_Idioterne_1998,37
Isnt_She_Great?_2000,37
Happiest_Millionaire_The_1967,37
How_I_Won_the_War_1967,37
Critical_Care_1997,37
Concorde_Airport_79_The_1979,37
Chinese_Box_1997,37
Beat_the_Devil_1954,37
$1000000_Duck_1971,37
Body_Shots_1999,37
Cats_Dont_Dance_1997,37
Boys_of_St_Vincent_The_1993,37
Scarlet_Letter_The_1926,37
Shiloh_1997,37
Whipped_2000,37
Tango_Lesson_The_1997,37
Tall_Tale_1994,37
Thomas_and_the_Magic_Railroad_2000,37
What_Happened_Was_1994,37
This_Is_My_Father_1998,36
Thieves_Voleurs_Les_1996,36
Traveller_1997,36
Roseannas_Grave_For_Roseanna_1997,36
Buddy_1997,36
Blood_For_Dracula_Andy_Warhols_Dracula_1974,36
American_Dream_1990,36
Cosi_1996,36
Funhouse_The_1981,36
Hana-bi_1997,36
Great_Ziegfeld_The_1936,36
Mummys_Tomb_The_1942,36
My_Best_Fiend_Mein_liebster_Feind_1999,35
Monster_The_Il_Mostro_1994,35
Normal_Life_1996,35
My_Tutor_1983,35
My_Name_Is_Joe_1998,35
Palookaville_1996,35
Inkwell_The_1994,35
Fun_and_Fancy_Free_1947,35
Edge_of_Seventeen_1998,35
Crossfire_1947,35
Cruise_The_1998,35
Blood_&_Wine_1997,35
Bossa_Nova_1999,35
Bhaji_on_the_Beach_1993,35
Roommates_1995,35
Rosetta_1999,35
Rent-A-Cop_1988,35
Surviving_Picasso_1996,35
Underground_1995,35
Wedding_Gift_The_1994,34
That_Old_Feeling_1997,34
Where_the_Money_Is_2000,34
Roustabout_1964,34
Beyond_the_Poseidon_Adventure_1979,34
Browning_Version_The_1994,34
Agnes_Browne_1999,34
Drunks_1997,34
Knightriders_1981,34
Good_Mother_The_1988,34
Hell_Night_1981,34
Nico_Icon_1995,34
Only_Angels_Have_Wings_1939,33
Once_Upon_a_Time_When_We_Were_Colored_1995,33
Perfect_Candidate_A_1996,33
Players_Club_The_1998,33
Mummys_Hand_The_1940,33
Mr_&_Mrs_Smith_1941,33
Man_from_Laramie_The_1955,33
Hell_in_the_Pacific_1968,33
Ghost_of_Frankenstein_The_1942,33
Crime_and_Punishment_in_Suburbia_2000,33
Country_1984,33
Adventures_of_Elmo_in_Grouchland_The_1999,33
Adventures_of_Sebastian_Cole_The_1998,33
Big_Tease_The_1999,33
Sarafina!_1992,33
Sandpiper_The_1965,33
Pompatus_of_Love_The_1996,33
Sum_of_Us_The_1994,33
Stalingrad_1993,33
Shanghai_Surprise_1986,33
Three_Wishes_1995,33
Visitors_The_Les_Visiteurs_1993,33
Unforgettable_1996,33
Under_Suspicion_2000,32
Wanted_Dead_or_Alive_1987,32
Taste_of_Cherry_1997,32
Suture_1993,32
Poison_1991,32
Raise_the_Titanic_1980,32
Romance_1999,32
Broadway_Melody_The_1929,32
Career_Girls_1997,32
Amityville_1992_Its_About_Time_1992,32
Barenaked_in_America_1999,32
Artemisia_1997,32
Ed_1996,32
Far_From_Home_The_Adventures_of_Yellow_Dog_1995,32
Garbage_Pail_Kids_Movie_The_1987,32
How_to_Stuff_a_Wild_Bikini_1965,32
Killers_Kiss_1955,32
Mr_Jealousy_1997,32
Month_by_the_Lake_A_1995,32
My_Life_So_Far_1999,32
Nowhere_1997,31
Plenty_1985,31
Mummys_Curse_The_1944,31
Man_Facing_Southeast_Hombre_Mirando_al_Sudeste_1986,31
Manny_&_Lo_1996,31
Light_of_Day_1987,31
Funeral_The_1996,31
Force_of_Evil_1948,31
Faust_1994,31
Favor_The_1994,31
Endless_Summer_2_The_1994,31
Double_Happiness_1994,31
Benji_the_Hunted_1987,31
Rawhead_Rex_1986,31
Queens_Logic_1991,30
Still_Crazy_1998,30
Star_Maps_1997,30
Shooting_Fish_1997,30
SFW_1994,30
Sleepaway_Camp_1983,30
Slipper_and_the_Rose_The_1976,30
Total_Eclipse_1995,30
Carmen_1984,30
Autumn_Sonata_Hstsonaten__1978,30
Cyclo_1995,30
Cry_the_Beloved_Country_1995,30
Dream_for_an_Insomniac_1996,30
Limelight_1952,30
Inferno_1980,30
Its_My_Party_1995,30
Heavyweights_1994,30
Love_and_a_45_1994,30
Mute_Witness_1994,29
One_Magic_Christmas_1985,29
Never_Talk_to_Strangers_1995,29
He_Walked_by_Night_1948,29
In_Crowd_The_2000,29
Live_Flesh_1997,29
Lassie_1994,29
Female_Perversions_1996,29
Fluke_1995,29
Following_1998,29
Cimarron_1931,29
Draughtsmans_Contract_The_1982,29
Being_Human_1993,29
Were_Back!_A_Dinosaurs_Story_1993,29
Up_at_the_Villa_2000,29
Zed_&_Two_Noughts_A_1985,29
Shaft_in_Africa_1973,29
Source_The_1999,29
Pyromaniacs_Love_Story_A_1995,29
Santa_Fe_Trail_1940,29
Sorority_House_Massacre_II_1990,28
Splendor_1999,28
Switchblade_Sisters_1975,28
Before_the_Rain_Pred_dozhdot_1994,28
Bent_1997,28
Blood_In_Blood_Out_aka_Bound_by_Honor_1993,28
Castle_Freak_1995,28
Caught_1996,28
And_God_Created_Woman_Et_Dieu&#8230Cra_la_Femme_1956,28
Alvarez_Kelly_1966,28
Dear_Diary_Caro_Diario_1994,28
Communion_aka_Alice_Sweet_AliceHoly_Terror_1977,28
Kaspar_Hauser_1993,28
Kronos_1957,28
Ladybird_Ladybird_1994,28
Idolmaker_The_1980,28
It_Conquered_the_World_1956,28
It_Takes_Two_1995,28
Judy_Berlin_1999,28
Harmonists_The_1997,28
Good_Man_in_Africa_A_1994,28
Panther_1995,28
Passion_of_Mind_1999,28
Metroland_1997,28
Mikes_Murder_1984,28
Love_Serenade_1996,28
Love_Jones_1997,27
Giant_Gila_Monster_The_1959,27
Haunted_World_of_Edward_D_Wood_Jr_The_1995,27
Ill_Be_Home_For_Christmas_1998,27
Knock_Off_1998,27
King_and_I_The_1999,27
Last_Days_The_1998,27
For_All_Mankind_1989,27
Faces_1968,27
All_the_Vermeers_in_New_York_1990,27
Still_Breathing_1997,27
Simple_Wish_A_1997,27
Slumber_Party_Massacre_The_1982,27
Year_My_Voice_Broke_The_1987,27
When_Night_Is_Falling_1995,27
Theory_of_Flight_The_1998,27
Trial_by_Jury_1994,26
Slumber_Party_Massacre_II_The_1987,26
Smiling_Fish_and_Goat_on_Fire_1999,26
Stage_Fright_1950,26
B*A*P*S_1997,26
Carnosaur_2_1995,26
Committed_2000,26
Contempt_Le_Mpris_1963,26
Curse_of_the_Puppet_Master_1998,26
Lawn_Dogs_1997,26
Johns_1996,26
Hi-Lo_Country_The_1998,26
Love_&_Sex_2000,26
Loss_of_Sexual_Innocence_The_1999,26
Music_From_Another_Room_1998,26
Pajama_Party_1964,26
Nadja_1994,26
Perils_of_Pauline_The_1947,25
Goodbye_Lover_1999,25
Illuminata_1998,25
Ilsa_She_Wolf_of_the_SS_1974,25
Day_of_the_Beast_The_El_Da_de_la_bestia_1995,25
Desert_Blue_1999,25
Come_See_the_Paradise_1990,25
Eyes_Without_a_Face_1959,25
Anna_Karenina_1997,25
Amityville_Curse_The_1990,25
Slam_1998,25
Shadrach_1998,25
Secret_Adventures_of_Tom_Thumb_The_1993,25
Safe_Men_1998,25
Room_at_the_Top_1959,25
Purple_Noon_1960,25
Psycho_Beach_Party_2000,25
Price_Above_Rubies_A_1998,25
Tales_of_Terror_1962,25
Terrorist_The_Malli_1998,24
Touch_1997,24
Trixie_1999,24
Promise_The_La_Promesse_1996,24
Real_Blonde_The_1997,24
A_Chef_in_Love_1996,24
Carpool_1996,24
Calendar_Girl_1993,24
Chairman_of_the_Board_1998,24
Circus_The_1928,24
Couch_in_New_York_A_1996,24
Crmonie_La_1995,24
Dogs_Life_A_1920,24
Jonah_Who_Will_Be_25_in_the_Year_2000_1976,24
Jimmy_Hollywood_1994,24
Goya_in_Bordeaux_Goya_en_Bodeos_1999,24
Grass_Harp_The_1995,24
Girls_Town_1996,24
Golden_Bowl_The_2000,24
Parasite_1982,24
Native_Son_1986,24
Man_of_the_House_1995,24
Melody_Time_1948,24
Mass_Appeal_1984,23
Mirror_The_Zerkalo_1975,23
Outlaw_The_1943,23
Innocents_The_1961,23
Little_Lord_Fauntleroy_1936,23
Kronos_1973,23
Damsel_in_Distress_A_1937,23
Education_of_Little_Tree_The_1997,23
Charlie_the_Lonesome_Cougar_1967,23
Black_Cat_White_Cat_Crna_macka_beli_macor_1998,23
Amityville_A_New_Generation_1993,23
Aparajito_1956,23
Awfully_Big_Adventure_An_1995,23
Assassination_1987,23
Pushing_Hands_1992,23
Slingshot_The_Kdisbellan__1993,23
Turtle_Diary_1985,23
Tetsuo_II_Body_Hammer_1992,23
Zeus_and_Roxanne_1997,23
Winter_Guest_The_1997,22
Time_Regained_Le_Temps_Retrouv_1999,22
Velocity_of_Gary_The_1998,22
Sorority_House_Massacre_1986,22
Amityville_Dollhouse_1996,22
Cure_The_1995,22
Deceiver_1997,22
Little_Nemo_Adventures_in_Slumberland_1992,22
Gnome-Mobile_The_1967,22
Grateful_Dead_1995,22
Hanging_Garden_The_1997,22
Hotel_de_Love_1996,22
Hideous_Sun_Demon_The_1959,22
Lulu_on_the_Bridge_1998,22
Meet_the_Deedles_1998,21
Nina_Takes_a_Lover_1994,21
Night_Porter_The_Il_Portiere_di_notte_1974,21
Lodger_The_1926,21
Last_Summer_in_the_Hamptons_1995,21
Life_of_mile_Zola_The_1937,21
I_Married_A_Strange_Person_1997,21
Ciao_Professore!_Io_speriamo_che_me_la_cavo__1993,21
Freedom_for_Us__nous_la_libert__1931,21
All_Over_Me_1997,21
Black_Sabbath_Tre_Volti_Della_Paura_I_1963,21
Blood_Beach_1981,21
Beyond_Silence_1996,21
Bedrooms_&_Hallways_1998,21
Cement_Garden_The_1993,21
Solas_1999,21
Simpatico_1999,21
Story_of_GI_Joe_The_1945,21
Police_Story_4_Project_S_Chao_ji_ji_hua_1993,21
Saint_of_Fort_Washington_The_1993,21
Tom_&_Viv_1994,21
Vagabond_Sans_toit_ni_loi_1985,20
Wonderland_1997,20
Rich_Mans_Wife_The_1996,20
Stonewall_1995,20
Sugar_Town_1999,20
Surf_Nazis_Must_Die_1987,20
Silent_Fall_1994,20
Solar_Crisis_1993,20
Some_Mothers_Son_1996,20
Smile_Like_Yours_A_1997,20
Chambermaid_on_the_Titanic_The_1998,20
Blood_Feast_1963,20
Alien_Escape_1995,20
About_Adam_2000,20
Aime_&_Jaguar_1999,20
And_the_Ship_Sails_On_E_la_nave_va_1984,20
Angel_on_My_Shoulder_1946,20
Gang_Related_1997,20
Chushingura_1962,20
Class_Reunion_1982,20
Curdled_1996,20
Colonel_Chabert_Le_1994,20
Denise_Calls_Up_1995,20
Legend_of_1900_The_Leggenda_del_pianista_sulloceano_1998,20
Henry_Portrait_of_a_Serial_Killer_Part_2_1996,20
Hugo_Pool_1997,20
Nil_By_Mouth_1997,20
Nelly_&_Monsieur_Arnaud_1995,20
Overnight_Delivery_1996,20
Paradine_Case_The_1947,20
Love_Stinks_1999,20
Make_Mine_Music_1946,20
Love_&_Human_Remains_1993,19
Mina_Tannenbaum_1994,19
Onegin_1999,19
Heart_Condition_1990,19
Great_Locomotive_Chase_The_1956,19
I_Like_It_Like_That_1994,19
Jack_and_Sarah_1995,19
Gate_II_Trespassers_The_1990,19
B_Monkey_1998,19
Ballad_of_Narayama_The_Narayama_Bushiko_1982,19
Sixth_Man_The_1997,19
Shadow_Conspiracy_1997,19
Secret_Agent_1936,19
Rough_Magic_1995,19
Walking_Dead_The_1995,19
Thin_Line_Between_Love_and_Hate_A_1996,19
Thats_Life!_1986,18
Vie_est_belle_La_Life_is_Rosey_1987,18
Very_Thought_of_You_The_1998,18
School_of_Flesh_The_L_cole_de_la_chair_1998,18
Ballad_of_Ramblin_Jack_The_2000,18
Bad_Moon_1996,18
Amazing_Panda_Adventure_The_1995,18
Eight_Days_a_Week_1997,18
Experience_Preferred_But_Not_Essential_1982,18
Dj_Vu_1997,18
Cleo_From_5_to_7_Clo_de_5__7_1962,18
Coldblooded_1995,18
In_Search_of_the_Castaways_1962,18
Keys_to_Tulsa_1997,18
Hunted_The_1995,18
Hitch-Hiker_The_1953,18
New_Jersey_Drive_1995,18
Madame_Butterfly_1995,18
Love_and_Other_Catastrophes_1996,17
Mating_Habits_of_the_Earthbound_Human_The_1998,17
No_Small_Affair_1984,17
Horror_Express_1972,17
I_Confess_1953,17
Head_Above_Water_1996,17
Germinal_1993,17
Kindred_The_1986,17
Joe_the_King_1999,17
Citizens_Band_aka_Handle_with_Care_1977,17
Cool_Dry_Place_A_1998,17
Dark_Command_1940,17
Flower_of_My_Secret_The_La_Flor_de_Mi_Secreto_1995,17
Alan_Smithee_Film_Burn_Hollywood_Burn_An_1997,17
Avalanche_1978,17
Asylum_1972,17
Best_of_the_Best_3_No_Turning_Back_1995,17
Carnosaur_3_Primal_Species_1996,17
Safe_Passage_1994,17
Rain_1932,17
Single_Girl_A_La_Fille_Seule_1995,17
Stars_Fell_on_Henrietta_The_1995,17
Telling_Lies_in_America_1997,17
Tarzan_the_Fearless_1933,17
Prom_Night_IV_Deliver_Us_From_Evil_1992,16
Sea_Wolves_The_1980,16
Retroactive_1997,16
Better_Living_Through_Circuitry_1999,16
Algiers_1938,16
Frankie_Starlight_1995,16
Cold_Fever__kldum_klaka_1994,16
Killer_Shrews_The_1959,16
Killing_of_Sister_George_The_1968,16
Line_King_Al_Hirschfeld_The_1996,16
Light_It_Up_1999,16
Hollow_Reed_1996,16
Opportunists_The_1999,16
Other_Side_of_Sunday_The_Sndagsengler_1996,16
Minnie_and_Moskowitz_1971,15
Commandments_1997,15
Clean_Slate_Coup_de_Torchon_1981,15
Daughters_of_the_Dust_1992,15
Fall_1997,15
Careful_1992,15
Catfish_in_Black_Bean_Sauce_2000,15
Brother_Can_You_Spare_a_Dime?_1975,15
Saludos_Amigos_1943,15
Prom_Night_III_The_Last_Kiss_1989,15
Reckless_1995,15
Steam_The_Turkish_Bath_Hamam_1997,15
Squanto_A_Warriors_Tale_1994,15
Strangeland_1998,15
Slumber_Party_Massacre_III_The_1990,15
This_World_Then_the_Fireworks_1996,15
T-Men_1947,15
Violets_Are_Blue_1986,15
Two_Thousand_Maniacs!_1964,15
Son_of_the_Sheik_The_1926,14
Swept_from_the_Sea_1997,14
Stars_and_Bars_1988,14
Star_Maker_The_Uomo_delle_stelle_L_1995,14
Raw_Deal_1948,14
Prisoner_of_the_Mountains_Kavkazsky_Plennik_1996,14
Rough_Night_in_Jericho_1967,14
Rendezvous_in_Paris_Rendez-vous_de_Paris_Les_1995,14
Bushwhacked_1995,14
Alice_and_Martin_Alice_et_Martin_1998,14
Endurance_1998,14
Gabbeh_1996,14
Nosferatu_a_Venezia_1986,14
On_the_Ropes_1999,14
Human_Traffic_1999,14
Head_On_1998,14
Hearts_and_Minds_1996,14
Kika_1993,14
Kidnapped_1960,14
Land_Girls_The_1998,14
Land_and_Freedom_Tierra_y_libertad_1995,13
Lady_of_Burlesque_1943,13
Kissed_1996,13
Killer_Bulletproof_Heart_1994,13
In_Old_California_1942,13
In_the_Bleak_Midwinter_1995,13
I_Love_You_Dont_Touch_Me!_1998,13
Glory_Daze_1996,13
Gold_Diggers_The_Secret_of_Bear_Mountain_1995,13
Office_Killer_1997,13
Niagara_Niagara_1997,13
New_Age_The_1994,13
Naked_in_New_York_1994,13
Pie_in_the_Sky_1995,13
Mummys_Ghost_The_1944,13
Man_of_the_Year_1995,13
Marcello_Mastroianni_I_Remember_Yes_I_Remember_1997,13
Mad_Dog_Time_1996,13
Dreaming_of_Joseph_Lees_1998,13
Destiny_Turns_on_the_Radio_1995,13
Crow_Salvation_The_2000,13
Belizaire_the_Cajun_1986,13
Steal_Big_Steal_Little_1995,13
Stiff_Upper_Lips_1998,13
Something_for_Everyone_1970,13
Welcome_to_Woop-Woop_1997,13
Whatever_Happened_to_Aunt_Alice?_1969,13
Tic_Code_The_1998,13
Wisdom_of_Crocodiles_The_aka_Immortality_2000,13
You_So_Crazy_1994,13
X_The_Unknown_1956,12
Wife_The_1995,12
Tie_That_Binds_The_1995,12
Shattered_Image_1998,12
Rich_and_Strange_1932,12
Roadside_Prophets_1992,12
Relax_Its_Just_Sex_1998,12
Big_Bully_1996,12
All_the_Rage_aka_Its_the_Rage_1999,12
Ape_The_1940,12
Cool_as_Ice_1991,12
Deadtime_Stories_1987,12
Eighth_Day_The_Le_Huitime_jour__1996,12
Fear_The_1995,12
Marlene_Dietrich_Shadow_and_Light_1996,12
New_Rose_Hotel_1998,12
Nobody_Loves_Me_Keiner_liebt_mich_1994,12
No_Looking_Back_1998,12
Golden_Earrings_1947,12
Jupiters_Wife_1994,12
Julien_Donkey-Boy_1999,12
Jail_Bait_1954,12
King_in_New_York_A_1957,12
Incognito_1997,11
Glass_Shield_The_1994,11
Hard_Core_Logo_1996,11
Nekromantik_1987,11
Margarets_Museum_1995,11
Losing_Chase_1996,11
Monument_Ave_1998,11
Miss_Julie_1999,11
Molly_1999,11
Flying_Saucer_The_1950,11
Firelight_1997,11
Dont_Look_in_the_Basement!_1973,11
Arguing_the_World_1996,11
Adrenalin_Fear_the_Rush_1996,11
Bitter_Sugar_Azucar_Amargo_1996,11
Blackmail_1929,11
Cabaret_Balkan_Bure_Baruta_1998,11
Boys_The_1997,11
Reluctant_Debutante_The_1958,11
Saragossa_Manuscript_The_Rekopis_znaleziony_w_Saragossie_1965,11
Sour_Grapes_1998,11
They_Made_Me_a_Criminal_1939,11
Voyage_of_the_Damned_1976,11
Unhook_the_Stars_1996,11
Twin_Town_1997,11
Woo_1998,11
